Method,Top_K,Model,Selected_Features,Accuracy,Precision,Recall,F1,ROC_AUC
DODA,5,Logistic Regression,"Bp, Bu, Sc, Su, Ane",0.5303030303030303,0.5378151260504201,0.6274509803921569,0.579185520361991,0.5517769607843137
DODA,5,Random Forest,"Bp, Bu, Sc, Su, Ane",0.4797979797979798,0.494949494949495,0.4803921568627451,0.48756218905472637,0.4952001633986929
DODA,5,XGBoost,"Bp, Bu, Sc, Su, Ane",0.494949494949495,0.5092592592592593,0.5392156862745098,0.5238095238095238,0.4978553921568628
DODA,10,Logistic Regression,"Bp, Bu, Sc, Su, Ane, Pcv, Sg, Ba, Rbcc, Al",0.5353535353535354,0.5431034482758621,0.6176470588235294,0.5779816513761468,0.5774101307189542
DODA,10,Random Forest,"Bp, Bu, Sc, Su, Ane, Pcv, Sg, Ba, Rbcc, Al",0.5252525252525253,0.5416666666666666,0.5098039215686274,0.5252525252525253,0.5346711601307189
DODA,10,XGBoost,"Bp, Bu, Sc, Su, Ane, Pcv, Sg, Ba, Rbcc, Al",0.5252525252525253,0.5408163265306123,0.5196078431372549,0.53,0.5050040849673203
DODA,15,Logistic Regression,"Bp, Bu, Sc, Su, Ane, Pcv, Sg, Ba, Rbcc, Al, Dm, Bgr, Appet, Htn, Pe",0.5656565656565656,0.5727272727272728,0.6176470588235294,0.5943396226415094,0.5790441176470588
DODA,15,Random Forest,"Bp, Bu, Sc, Su, Ane, Pcv, Sg, Ba, Rbcc, Al, Dm, Bgr, Appet, Htn, Pe",0.5151515151515151,0.53125,0.5,0.5151515151515151,0.5408496732026143
DODA,15,XGBoost,"Bp, Bu, Sc, Su, Ane, Pcv, Sg, Ba, Rbcc, Al, Dm, Bgr, Appet, Htn, Pe",0.4898989898989899,0.5051546391752577,0.4803921568627451,0.49246231155778897,0.5047998366013071
DODA,20,Logistic Regression,"Bp, Bu, Sc, Su, Ane, Pcv, Sg, Ba, Rbcc, Al, Dm, Bgr, Appet, Htn, Pe, Pot, Hemo, Pcc, Rbc, Sod",0.5606060606060606,0.5700934579439252,0.5980392156862745,0.583732057416268,0.5777165032679739
DODA,20,Random Forest,"Bp, Bu, Sc, Su, Ane, Pcv, Sg, Ba, Rbcc, Al, Dm, Bgr, Appet, Htn, Pe, Pot, Hemo, Pcc, Rbc, Sod",0.5,0.5126050420168067,0.5980392156862745,0.5520361990950227,0.5379391339869282
DODA,20,XGBoost,"Bp, Bu, Sc, Su, Ane, Pcv, Sg, Ba, Rbcc, Al, Dm, Bgr, Appet, Htn, Pe, Pot, Hemo, Pcc, Rbc, Sod",0.5252525252525253,0.5363636363636364,0.5784313725490197,0.5566037735849056,0.5136846405228758
