Fold,Method,Top_K,Model,Accuracy,Precision,Recall,F1,ROC_AUC,Selected_Features
1,ANOVA,5,Logistic Regression,0.5252525252525253,0.5309734513274337,0.594059405940594,0.5607476635514018,0.5244972950903337,"Bp, Sg, Rbcc, Su, Ba"
1,ANOVA,5,Random Forest,0.51010101010101,0.5188679245283019,0.5445544554455446,0.5314009661835749,0.5030621618862917,"Bp, Sg, Rbcc, Su, Ba"
1,ANOVA,5,XGBoost,0.51010101010101,0.5188679245283019,0.5445544554455446,0.5314009661835749,0.5012248647545167,"Bp, Sg, Rbcc, Su, Ba"
1,DODA,5,Logistic Regression,0.5,0.5096153846153846,0.5247524752475248,0.5170731707317073,0.5183219352863121,"Bp, Sg, Sc, Rbcc, Su"
1,DODA,5,Random Forest,0.5252525252525253,0.5353535353535354,0.5247524752475248,0.53,0.5391446361130958,"Bp, Sg, Sc, Rbcc, Su"
1,DODA,5,XGBoost,0.5151515151515151,0.5257731958762887,0.504950495049505,0.5151515151515151,0.5173012146575482,"Bp, Sg, Sc, Rbcc, Su"
1,ANOVA,10,Logistic Regression,0.5151515151515151,0.5242718446601942,0.5346534653465347,0.5294117647058824,0.526895988567929,"Bp, Sg, Rbcc, Su, Ba, Wbcc, Pot, Sc, Sod, Bgr"
1,ANOVA,10,Random Forest,0.5151515151515151,0.5238095238095238,0.5445544554455446,0.5339805825242718,0.5593549045626213,"Bp, Sg, Rbcc, Su, Ba, Wbcc, Pot, Sc, Sod, Bgr"
1,ANOVA,10,XGBoost,0.5606060606060606,0.5660377358490566,0.594059405940594,0.5797101449275363,0.5692558946616311,"Bp, Sg, Rbcc, Su, Ba, Wbcc, Pot, Sc, Sod, Bgr"
1,DODA,10,Logistic Regression,0.5404040404040404,0.5510204081632653,0.5346534653465347,0.542713567839196,0.5351638256609167,"Bp, Sg, Sc, Rbcc, Su, Pot, Ba, Bgr, Sod, Hemo"
1,DODA,10,Random Forest,0.5202020202020202,0.5277777777777778,0.5643564356435643,0.5454545454545454,0.5665509849954068,"Bp, Sg, Sc, Rbcc, Su, Pot, Ba, Bgr, Sod, Hemo"
1,DODA,10,XGBoost,0.5757575757575758,0.5825242718446602,0.594059405940594,0.5882352941176471,0.6008982341533122,"Bp, Sg, Sc, Rbcc, Su, Pot, Ba, Bgr, Sod, Hemo"
1,ANOVA,15,Logistic Regression,0.5252525252525253,0.5346534653465347,0.5346534653465347,0.5346534653465347,0.5183219352863121,"Bp, Sg, Rbcc, Su, Ba, Wbcc, Pot, Sc, Sod, Bgr, Age, Hemo, Pc, Rbc, Appet"
1,ANOVA,15,Random Forest,0.5606060606060606,0.5636363636363636,0.6138613861386139,0.5876777251184834,0.574410533836889,"Bp, Sg, Rbcc, Su, Ba, Wbcc, Pot, Sc, Sod, Bgr, Age, Hemo, Pc, Rbc, Appet"
1,ANOVA,15,XGBoost,0.5909090909090909,0.5943396226415094,0.6237623762376238,0.6086956521739131,0.6159028273961417,"Bp, Sg, Rbcc, Su, Ba, Wbcc, Pot, Sc, Sod, Bgr, Age, Hemo, Pc, Rbc, Appet"
1,DODA,15,Logistic Regression,0.51010101010101,0.5188679245283019,0.5445544554455446,0.5314009661835749,0.5157701337144023,"Bp, Sg, Sc, Rbcc, Su, Pot, Ba, Bgr, Sod, Hemo, Wbcc, Htn, Age, Al, Rbc"
1,DODA,15,Random Forest,0.5656565656565656,0.5663716814159292,0.6336633663366337,0.5981308411214953,0.5885985505767072,"Bp, Sg, Sc, Rbcc, Su, Pot, Ba, Bgr, Sod, Hemo, Wbcc, Htn, Age, Al, Rbc"
1,DODA,15,XGBoost,0.601010101010101,0.6057692307692307,0.6237623762376238,0.6146341463414634,0.623047871797489,"Bp, Sg, Sc, Rbcc, Su, Pot, Ba, Bgr, Sod, Hemo, Wbcc, Htn, Age, Al, Rbc"
1,ANOVA,20,Logistic Regression,0.5151515151515151,0.5252525252525253,0.5148514851485149,0.52,0.5224048178013677,"Bp, Sg, Rbcc, Su, Ba, Wbcc, Pot, Sc, Sod, Bgr, Age, Hemo, Pc, Rbc, Appet, Htn, Ane, Pcv, Pe, Cad"
1,ANOVA,20,Random Forest,0.5353535353535354,0.5405405405405406,0.594059405940594,0.5660377358490566,0.5544044095131163,"Bp, Sg, Rbcc, Su, Ba, Wbcc, Pot, Sc, Sod, Bgr, Age, Hemo, Pc, Rbc, Appet, Htn, Ane, Pcv, Pe, Cad"
1,ANOVA,20,XGBoost,0.6060606060606061,0.6116504854368932,0.6237623762376238,0.6176470588235294,0.6192712054710625,"Bp, Sg, Rbcc, Su, Ba, Wbcc, Pot, Sc, Sod, Bgr, Age, Hemo, Pc, Rbc, Appet, Htn, Ane, Pcv, Pe, Cad"
1,DODA,20,Logistic Regression,0.5252525252525253,0.5333333333333333,0.5544554455445545,0.5436893203883495,0.519342655915076,"Bp, Sg, Sc, Rbcc, Su, Pot, Ba, Bgr, Sod, Hemo, Wbcc, Htn, Age, Al, Rbc, Pc, Ane, Bu, Pcv, Dm"
1,DODA,20,Random Forest,0.5606060606060606,0.5673076923076923,0.5841584158415841,0.5756097560975609,0.5651730121465756,"Bp, Sg, Sc, Rbcc, Su, Pot, Ba, Bgr, Sod, Hemo, Wbcc, Htn, Age, Al, Rbc, Pc, Ane, Bu, Pcv, Dm"
1,DODA,20,XGBoost,0.5606060606060606,0.5636363636363636,0.6138613861386139,0.5876777251184834,0.5837501275900786,"Bp, Sg, Sc, Rbcc, Su, Pot, Ba, Bgr, Sod, Hemo, Wbcc, Htn, Age, Al, Rbc, Pc, Ane, Bu, Pcv, Dm"
2,ANOVA,5,Logistic Regression,0.51010101010101,0.5247524752475248,0.5196078431372549,0.5221674876847291,0.5289011437908497,"Bp, Ba, Pcv, Rbcc, Pot"
2,ANOVA,5,Random Forest,0.5303030303030303,0.5454545454545454,0.5294117647058824,0.5373134328358209,0.5340073529411764,"Bp, Ba, Pcv, Rbcc, Pot"
2,ANOVA,5,XGBoost,0.5050505050505051,0.52,0.5098039215686274,0.5148514851485149,0.49509803921568624,"Bp, Ba, Pcv, Rbcc, Pot"
2,DODA,5,Logistic Regression,0.5,0.5137614678899083,0.5490196078431373,0.5308056872037915,0.5199142156862746,"Bp, Al, Pcv, Sc, Bu"
2,DODA,5,Random Forest,0.5606060606060606,0.5789473684210527,0.5392156862745098,0.5583756345177665,0.5652062908496732,"Bp, Al, Pcv, Sc, Bu"
2,DODA,5,XGBoost,0.5404040404040404,0.5523809523809524,0.5686274509803921,0.5603864734299517,0.5503472222222222,"Bp, Al, Pcv, Sc, Bu"
2,ANOVA,10,Logistic Regression,0.5555555555555556,0.5648148148148148,0.5980392156862745,0.580952380952381,0.5190972222222223,"Bp, Ba, Pcv, Rbcc, Pot, Pe, Al, Bu, Sc, Appet"
2,ANOVA,10,Random Forest,0.5808080808080808,0.6091954022988506,0.5196078431372549,0.5608465608465608,0.5539726307189543,"Bp, Ba, Pcv, Rbcc, Pot, Pe, Al, Bu, Sc, Appet"
2,ANOVA,10,XGBoost,0.5404040404040404,0.5567010309278351,0.5294117647058824,0.542713567839196,0.5514705882352942,"Bp, Ba, Pcv, Rbcc, Pot, Pe, Al, Bu, Sc, Appet"
2,DODA,10,Logistic Regression,0.5151515151515151,0.5283018867924528,0.5490196078431373,0.5384615384615384,0.5210375816993464,"Bp, Al, Pcv, Sc, Bu, Rbcc, Pot, Ba, Pe, Sg"
2,DODA,10,Random Forest,0.5606060606060606,0.5862068965517241,0.5,0.5396825396825397,0.5345690359477124,"Bp, Al, Pcv, Sc, Bu, Rbcc, Pot, Ba, Pe, Sg"
2,DODA,10,XGBoost,0.5151515151515151,0.53,0.5196078431372549,0.5247524752475248,0.5135825163398693,"Bp, Al, Pcv, Sc, Bu, Rbcc, Pot, Ba, Pe, Sg"
2,ANOVA,15,Logistic Regression,0.5454545454545454,0.5555555555555556,0.5882352941176471,0.5714285714285714,0.5125612745098038,"Bp, Ba, Pcv, Rbcc, Pot, Pe, Al, Bu, Sc, Appet, Sg, Pc, Wbcc, Sod, Ane"
2,ANOVA,15,Random Forest,0.5252525252525253,0.5425531914893617,0.5,0.5204081632653061,0.5348243464052288,"Bp, Ba, Pcv, Rbcc, Pot, Pe, Al, Bu, Sc, Appet, Sg, Pc, Wbcc, Sod, Ane"
2,ANOVA,15,XGBoost,0.5,0.5157894736842106,0.4803921568627451,0.49746192893401014,0.501327614379085,"Bp, Ba, Pcv, Rbcc, Pot, Pe, Al, Bu, Sc, Appet, Sg, Pc, Wbcc, Sod, Ane"
2,DODA,15,Logistic Regression,0.5303030303030303,0.5412844036697247,0.5784313725490197,0.5592417061611374,0.5183823529411764,"Bp, Al, Pcv, Sc, Bu, Rbcc, Pot, Ba, Pe, Sg, Htn, Ane, Sod, Pc, Appet"
2,DODA,15,Random Forest,0.51010101010101,0.5263157894736842,0.49019607843137253,0.5076142131979695,0.5212928921568628,"Bp, Al, Pcv, Sc, Bu, Rbcc, Pot, Ba, Pe, Sg, Htn, Ane, Sod, Pc, Appet"
2,DODA,15,XGBoost,0.5202020202020202,0.5346534653465347,0.5294117647058824,0.5320197044334976,0.5322712418300655,"Bp, Al, Pcv, Sc, Bu, Rbcc, Pot, Ba, Pe, Sg, Htn, Ane, Sod, Pc, Appet"
2,ANOVA,20,Logistic Regression,0.5353535353535354,0.5462962962962963,0.5784313725490197,0.5619047619047619,0.5107230392156863,"Bp, Ba, Pcv, Rbcc, Pot, Pe, Al, Bu, Sc, Appet, Sg, Pc, Wbcc, Sod, Ane, Pcc, Su, Htn, Cad, Hemo"
2,ANOVA,20,Random Forest,0.5454545454545454,0.56,0.5490196078431373,0.5544554455445545,0.5400837418300655,"Bp, Ba, Pcv, Rbcc, Pot, Pe, Al, Bu, Sc, Appet, Sg, Pc, Wbcc, Sod, Ane, Pcc, Su, Htn, Cad, Hemo"
2,ANOVA,20,XGBoost,0.48484848484848486,0.5,0.5098039215686274,0.5048543689320388,0.5159313725490196,"Bp, Ba, Pcv, Rbcc, Pot, Pe, Al, Bu, Sc, Appet, Sg, Pc, Wbcc, Sod, Ane, Pcc, Su, Htn, Cad, Hemo"
2,DODA,20,Logistic Regression,0.5252525252525253,0.5384615384615384,0.5490196078431373,0.5436893203883495,0.5147058823529412,"Bp, Al, Pcv, Sc, Bu, Rbcc, Pot, Ba, Pe, Sg, Htn, Ane, Sod, Pc, Appet, Hemo, Wbcc, Su, Dm, Pcc"
2,DODA,20,Random Forest,0.5606060606060606,0.5842696629213483,0.5098039215686274,0.5445026178010471,0.5509599673202613,"Bp, Al, Pcv, Sc, Bu, Rbcc, Pot, Ba, Pe, Sg, Htn, Ane, Sod, Pc, Appet, Hemo, Wbcc, Su, Dm, Pcc"
2,DODA,20,XGBoost,0.4898989898989899,0.5048543689320388,0.5098039215686274,0.5073170731707317,0.5188929738562091,"Bp, Al, Pcv, Sc, Bu, Rbcc, Pot, Ba, Pe, Sg, Htn, Ane, Sod, Pc, Appet, Hemo, Wbcc, Su, Dm, Pcc"
3,ANOVA,5,Logistic Regression,0.51010101010101,0.5217391304347826,0.5882352941176471,0.5529953917050692,0.4875408496732026,"Bp, Pcv, Bgr, Ba, Rbcc"
3,ANOVA,5,Random Forest,0.46464646464646464,0.48,0.47058823529411764,0.4752475247524752,0.44898897058823534,"Bp, Pcv, Bgr, Ba, Rbcc"
3,ANOVA,5,XGBoost,0.5151515151515151,0.5306122448979592,0.5098039215686274,0.52,0.4995915032679738,"Bp, Pcv, Bgr, Ba, Rbcc"
3,DODA,5,Logistic Regression,0.5,0.5128205128205128,0.5882352941176471,0.547945205479452,0.4950980392156863,"Bp, Pcv, Bgr, Sc, Bu"
3,DODA,5,Random Forest,0.4898989898989899,0.5045871559633027,0.5392156862745098,0.5213270142180095,0.49029820261437906,"Bp, Pcv, Bgr, Sc, Bu"
3,DODA,5,XGBoost,0.494949494949495,0.509090909090909,0.5490196078431373,0.5283018867924528,0.48600898692810457,"Bp, Pcv, Bgr, Sc, Bu"
3,ANOVA,10,Logistic Regression,0.5202020202020202,0.5327102803738317,0.5588235294117647,0.5454545454545454,0.5053104575163399,"Bp, Pcv, Bgr, Ba, Rbcc, Su, Ane, Appet, Pot, Pe"
3,ANOVA,10,Random Forest,0.48484848484848486,0.5,0.5098039215686274,0.5048543689320388,0.4739072712418301,"Bp, Pcv, Bgr, Ba, Rbcc, Su, Ane, Appet, Pot, Pe"
3,ANOVA,10,XGBoost,0.4797979797979798,0.4943820224719101,0.43137254901960786,0.4607329842931937,0.4863153594771242,"Bp, Pcv, Bgr, Ba, Rbcc, Su, Ane, Appet, Pot, Pe"
3,DODA,10,Logistic Regression,0.5151515151515151,0.5277777777777778,0.5588235294117647,0.5428571428571428,0.5080678104575164,"Bp, Pcv, Bgr, Sc, Bu, Rbcc, Ane, Al, Su, Ba"
3,DODA,10,Random Forest,0.5050505050505051,0.5175438596491229,0.5784313725490197,0.5462962962962963,0.49407679738562094,"Bp, Pcv, Bgr, Sc, Bu, Rbcc, Ane, Al, Su, Ba"
3,DODA,10,XGBoost,0.5202020202020202,0.5294117647058824,0.6176470588235294,0.5701357466063348,0.4980596405228758,"Bp, Pcv, Bgr, Sc, Bu, Rbcc, Ane, Al, Su, Ba"
3,ANOVA,15,Logistic Regression,0.5202020202020202,0.5321100917431193,0.5686274509803921,0.5497630331753555,0.512561274509804,"Bp, Pcv, Bgr, Ba, Rbcc, Su, Ane, Appet, Pot, Pe, Bu, Sc, Sod, Al, Dm"
3,ANOVA,15,Random Forest,0.45454545454545453,0.4732142857142857,0.5196078431372549,0.4953271028037383,0.47783905228758167,"Bp, Pcv, Bgr, Ba, Rbcc, Su, Ane, Appet, Pot, Pe, Bu, Sc, Sod, Al, Dm"
3,ANOVA,15,XGBoost,0.46464646464646464,0.4811320754716981,0.5,0.49038461538461536,0.47181372549019607,"Bp, Pcv, Bgr, Ba, Rbcc, Su, Ane, Appet, Pot, Pe, Bu, Sc, Sod, Al, Dm"
3,DODA,15,Logistic Regression,0.5202020202020202,0.5321100917431193,0.5686274509803921,0.5497630331753555,0.512561274509804,"Bp, Pcv, Bgr, Sc, Bu, Rbcc, Ane, Al, Su, Ba, Pot, Pe, Dm, Appet, Sod"
3,DODA,15,Random Forest,0.47474747474747475,0.49122807017543857,0.5490196078431373,0.5185185185185185,0.4901450163398693,"Bp, Pcv, Bgr, Sc, Bu, Rbcc, Ane, Al, Su, Ba, Pot, Pe, Dm, Appet, Sod"
3,DODA,15,XGBoost,0.4797979797979798,0.4957983193277311,0.5784313725490197,0.5339366515837104,0.4738562091503268,"Bp, Pcv, Bgr, Sc, Bu, Rbcc, Ane, Al, Su, Ba, Pot, Pe, Dm, Appet, Sod"
3,ANOVA,20,Logistic Regression,0.5050505050505051,0.5181818181818182,0.5588235294117647,0.5377358490566038,0.5098039215686274,"Bp, Pcv, Bgr, Ba, Rbcc, Su, Ane, Appet, Pot, Pe, Bu, Sc, Sod, Al, Dm, Cad, Age, Wbcc, Sg, Htn"
3,ANOVA,20,Random Forest,0.4898989898989899,0.504424778761062,0.5588235294117647,0.5302325581395348,0.4908088235294118,"Bp, Pcv, Bgr, Ba, Rbcc, Su, Ane, Appet, Pot, Pe, Bu, Sc, Sod, Al, Dm, Cad, Age, Wbcc, Sg, Htn"
3,ANOVA,20,XGBoost,0.48484848484848486,0.5,0.5490196078431373,0.5233644859813084,0.47120098039215685,"Bp, Pcv, Bgr, Ba, Rbcc, Su, Ane, Appet, Pot, Pe, Bu, Sc, Sod, Al, Dm, Cad, Age, Wbcc, Sg, Htn"
3,DODA,20,Logistic Regression,0.5050505050505051,0.5181818181818182,0.5588235294117647,0.5377358490566038,0.5101102941176471,"Bp, Pcv, Bgr, Sc, Bu, Rbcc, Ane, Al, Su, Ba, Pot, Pe, Dm, Appet, Sod, Sg, Htn, Age, Hemo, Cad"
3,DODA,20,Random Forest,0.5151515151515151,0.5272727272727272,0.5686274509803921,0.5471698113207547,0.5217013888888888,"Bp, Pcv, Bgr, Sc, Bu, Rbcc, Ane, Al, Su, Ba, Pot, Pe, Dm, Appet, Sod, Sg, Htn, Age, Hemo, Cad"
3,DODA,20,XGBoost,0.5353535353535354,0.5454545454545454,0.5882352941176471,0.5660377358490566,0.5156250000000001,"Bp, Pcv, Bgr, Sc, Bu, Rbcc, Ane, Al, Su, Ba, Pot, Pe, Dm, Appet, Sod, Sg, Htn, Age, Hemo, Cad"
4,ANOVA,5,Logistic Regression,0.5431472081218274,0.5454545454545454,0.6534653465346535,0.5945945945945946,0.5673473597359736,"Bp, Pe, Ba, Pot, Su"
4,ANOVA,5,Random Forest,0.5025380710659898,0.514018691588785,0.5445544554455446,0.5288461538461539,0.4772070957095709,"Bp, Pe, Ba, Pot, Su"
4,ANOVA,5,XGBoost,0.49746192893401014,0.5083333333333333,0.6039603960396039,0.5520361990950227,0.45627062706270627,"Bp, Pe, Ba, Pot, Su"
4,DODA,5,Logistic Regression,0.5634517766497462,0.5630252100840336,0.6633663366336634,0.6090909090909091,0.5465140264026402,"Bp, Bu, Pe, Sc, Pot"
4,DODA,5,Random Forest,0.467005076142132,0.48148148148148145,0.5148514851485149,0.49760765550239233,0.47277227722772275,"Bp, Bu, Pe, Sc, Pot"
4,DODA,5,XGBoost,0.5279187817258884,0.5344827586206896,0.6138613861386139,0.5714285714285714,0.47163778877887785,"Bp, Bu, Pe, Sc, Pot"
4,ANOVA,10,Logistic Regression,0.5989847715736041,0.5964912280701754,0.6732673267326733,0.6325581395348837,0.5714727722772277,"Bp, Pe, Ba, Pot, Su, Bu, Rbcc, Bgr, Appet, Sc"
4,ANOVA,10,Random Forest,0.49746192893401014,0.5084745762711864,0.594059405940594,0.547945205479452,0.4552392739273927,"Bp, Pe, Ba, Pot, Su, Bu, Rbcc, Bgr, Appet, Sc"
4,ANOVA,10,XGBoost,0.49746192893401014,0.5096153846153846,0.5247524752475248,0.5170731707317073,0.492986798679868,"Bp, Pe, Ba, Pot, Su, Bu, Rbcc, Bgr, Appet, Sc"
4,DODA,10,Logistic Regression,0.5482233502538071,0.5517241379310345,0.6336633663366337,0.5898617511520737,0.5551773927392739,"Bp, Bu, Pe, Sc, Pot, Su, Ba, Bgr, Rbcc, Al"
4,DODA,10,Random Forest,0.47715736040609136,0.4909090909090909,0.5346534653465347,0.5118483412322274,0.4558065181518152,"Bp, Bu, Pe, Sc, Pot, Su, Ba, Bgr, Rbcc, Al"
4,DODA,10,XGBoost,0.4873096446700508,0.5,0.5148514851485149,0.5073170731707317,0.4833952145214521,"Bp, Bu, Pe, Sc, Pot, Su, Ba, Bgr, Rbcc, Al"
4,ANOVA,15,Logistic Regression,0.5228426395939086,0.5309734513274337,0.594059405940594,0.5607476635514018,0.5468234323432344,"Bp, Pe, Ba, Pot, Su, Bu, Rbcc, Bgr, Appet, Sc, Sod, Ane, Pcv, Rbc, Wbcc"
4,ANOVA,15,Random Forest,0.467005076142132,0.48214285714285715,0.5346534653465347,0.5070422535211268,0.48597359735973594,"Bp, Pe, Ba, Pot, Su, Bu, Rbcc, Bgr, Appet, Sc, Sod, Ane, Pcv, Rbc, Wbcc"
4,ANOVA,15,XGBoost,0.5025380710659898,0.5142857142857142,0.5346534653465347,0.5242718446601942,0.48215759075907594,"Bp, Pe, Ba, Pot, Su, Bu, Rbcc, Bgr, Appet, Sc, Sod, Ane, Pcv, Rbc, Wbcc"
4,DODA,15,Logistic Regression,0.5329949238578681,0.5405405405405406,0.594059405940594,0.5660377358490566,0.5726072607260727,"Bp, Bu, Pe, Sc, Pot, Su, Ba, Bgr, Rbcc, Al, Ane, Sg, Sod, Pcv, Appet"
4,DODA,15,Random Forest,0.5025380710659898,0.514018691588785,0.5445544554455446,0.5288461538461539,0.487262788778878,"Bp, Bu, Pe, Sc, Pot, Su, Ba, Bgr, Rbcc, Al, Ane, Sg, Sod, Pcv, Appet"
4,DODA,15,XGBoost,0.5126903553299492,0.5242718446601942,0.5346534653465347,0.5294117647058824,0.5158828382838284,"Bp, Bu, Pe, Sc, Pot, Su, Ba, Bgr, Rbcc, Al, Ane, Sg, Sod, Pcv, Appet"
4,ANOVA,20,Logistic Regression,0.5431472081218274,0.5470085470085471,0.6336633663366337,0.5871559633027523,0.5492986798679869,"Bp, Pe, Ba, Pot, Su, Bu, Rbcc, Bgr, Appet, Sc, Sod, Ane, Pcv, Rbc, Wbcc, Sg, Al, Age, Cad, Dm"
4,ANOVA,20,Random Forest,0.4619289340101523,0.4778761061946903,0.5346534653465347,0.5046728971962616,0.47963077557755784,"Bp, Pe, Ba, Pot, Su, Bu, Rbcc, Bgr, Appet, Sc, Sod, Ane, Pcv, Rbc, Wbcc, Sg, Al, Age, Cad, Dm"
4,ANOVA,20,XGBoost,0.5431472081218274,0.5555555555555556,0.5445544554455446,0.55,0.5349628712871287,"Bp, Pe, Ba, Pot, Su, Bu, Rbcc, Bgr, Appet, Sc, Sod, Ane, Pcv, Rbc, Wbcc, Sg, Al, Age, Cad, Dm"
4,DODA,20,Logistic Regression,0.5279187817258884,0.5344827586206896,0.6138613861386139,0.5714285714285714,0.5549711221122112,"Bp, Bu, Pe, Sc, Pot, Su, Ba, Bgr, Rbcc, Al, Ane, Sg, Sod, Pcv, Appet, Rbc, Dm, Htn, Age, Hemo"
4,DODA,20,Random Forest,0.48223350253807107,0.49514563106796117,0.504950495049505,0.5,0.4819513201320132,"Bp, Bu, Pe, Sc, Pot, Su, Ba, Bgr, Rbcc, Al, Ane, Sg, Sod, Pcv, Appet, Rbc, Dm, Htn, Age, Hemo"
4,DODA,20,XGBoost,0.5431472081218274,0.5578947368421052,0.5247524752475248,0.5408163265306123,0.5142326732673267,"Bp, Bu, Pe, Sc, Pot, Su, Ba, Bgr, Rbcc, Al, Ane, Sg, Sod, Pcv, Appet, Rbc, Dm, Htn, Age, Hemo"
5,ANOVA,5,Logistic Regression,0.5025380710659898,0.5126050420168067,0.6039603960396039,0.5545454545454546,0.518667491749175,"Bp, Pcv, Su, Bu, Ba"
5,ANOVA,5,Random Forest,0.5025380710659898,0.5154639175257731,0.49504950495049505,0.5050505050505051,0.5044348184818481,"Bp, Pcv, Su, Bu, Ba"
5,ANOVA,5,XGBoost,0.5025380710659898,0.514018691588785,0.5445544554455446,0.5288461538461539,0.47411303630363033,"Bp, Pcv, Su, Bu, Ba"
5,DODA,5,Logistic Regression,0.49746192893401014,0.5080645161290323,0.6237623762376238,0.56,0.5015470297029703,"Bp, Bu, Pcv, Sc, Su"
5,DODA,5,Random Forest,0.5025380710659898,0.5145631067961165,0.5247524752475248,0.5196078431372549,0.4797854785478548,"Bp, Bu, Pcv, Sc, Su"
5,DODA,5,XGBoost,0.5177664974619289,0.5283018867924528,0.5544554455445545,0.5410628019323671,0.48267326732673266,"Bp, Bu, Pcv, Sc, Su"
5,ANOVA,10,Logistic Regression,0.5177664974619289,0.525,0.6237623762376238,0.5701357466063348,0.5222772277227723,"Bp, Pcv, Su, Bu, Ba, Ane, Rbcc, Appet, Pc, Sc"
5,ANOVA,10,Random Forest,0.49238578680203043,0.5045045045045045,0.5544554455445545,0.5283018867924528,0.4534859735973597,"Bp, Pcv, Su, Bu, Ba, Ane, Rbcc, Appet, Pc, Sc"
5,ANOVA,10,XGBoost,0.49746192893401014,0.5096153846153846,0.5247524752475248,0.5170731707317073,0.48432343234323433,"Bp, Pcv, Su, Bu, Ba, Ane, Rbcc, Appet, Pc, Sc"
5,DODA,10,Logistic Regression,0.5177664974619289,0.5263157894736842,0.594059405940594,0.5581395348837209,0.5270214521452145,"Bp, Bu, Pcv, Sc, Su, Ane, Sg, Htn, Rbcc, Ba"
5,DODA,10,Random Forest,0.45685279187817257,0.47058823529411764,0.4752475247524752,0.4729064039408867,0.45090759075907594,"Bp, Bu, Pcv, Sc, Su, Ane, Sg, Htn, Rbcc, Ba"
5,DODA,10,XGBoost,0.48223350253807107,0.49504950495049505,0.49504950495049505,0.49504950495049505,0.46544966996699666,"Bp, Bu, Pcv, Sc, Su, Ane, Sg, Htn, Rbcc, Ba"
5,ANOVA,15,Logistic Regression,0.5329949238578681,0.5420560747663551,0.5742574257425742,0.5576923076923077,0.5343440594059407,"Bp, Pcv, Su, Bu, Ba, Ane, Rbcc, Appet, Pc, Sc, Sg, Htn, Pot, Bgr, Sod"
5,ANOVA,15,Random Forest,0.4873096446700508,0.5,0.5841584158415841,0.5388127853881278,0.46550123762376233,"Bp, Pcv, Su, Bu, Ba, Ane, Rbcc, Appet, Pc, Sc, Sg, Htn, Pot, Bgr, Sod"
5,ANOVA,15,XGBoost,0.4720812182741117,0.4857142857142857,0.504950495049505,0.49514563106796117,0.4734942244224422,"Bp, Pcv, Su, Bu, Ba, Ane, Rbcc, Appet, Pc, Sc, Sg, Htn, Pot, Bgr, Sod"
5,DODA,15,Logistic Regression,0.5329949238578681,0.5412844036697247,0.5841584158415841,0.5619047619047619,0.5320750825082509,"Bp, Bu, Pcv, Sc, Su, Ane, Sg, Htn, Rbcc, Ba, Al, Pc, Appet, Bgr, Pot"
5,DODA,15,Random Forest,0.48223350253807107,0.4954954954954955,0.5445544554455446,0.5188679245283019,0.4634385313531353,"Bp, Bu, Pcv, Sc, Su, Ane, Sg, Htn, Rbcc, Ba, Al, Pc, Appet, Bgr, Pot"
5,DODA,15,XGBoost,0.47715736040609136,0.49056603773584906,0.5148514851485149,0.5024154589371981,0.46895627062706274,"Bp, Bu, Pcv, Sc, Su, Ane, Sg, Htn, Rbcc, Ba, Al, Pc, Appet, Bgr, Pot"
5,ANOVA,20,Logistic Regression,0.5228426395939086,0.5309734513274337,0.594059405940594,0.5607476635514018,0.5273308580858086,"Bp, Pcv, Su, Bu, Ba, Ane, Rbcc, Appet, Pc, Sc, Sg, Htn, Pot, Bgr, Sod, Pcc, Pe, Al, Rbc, Hemo"
5,ANOVA,20,Random Forest,0.5228426395939086,0.5333333333333333,0.5544554455445545,0.5436893203883495,0.4904084158415842,"Bp, Pcv, Su, Bu, Ba, Ane, Rbcc, Appet, Pc, Sc, Sg, Htn, Pot, Bgr, Sod, Pcc, Pe, Al, Rbc, Hemo"
5,ANOVA,20,XGBoost,0.5025380710659898,0.514018691588785,0.5445544554455446,0.5288461538461539,0.5062912541254125,"Bp, Pcv, Su, Bu, Ba, Ane, Rbcc, Appet, Pc, Sc, Sg, Htn, Pot, Bgr, Sod, Pcc, Pe, Al, Rbc, Hemo"
5,DODA,20,Logistic Regression,0.5329949238578681,0.5412844036697247,0.5841584158415841,0.5619047619047619,0.5355816831683168,"Bp, Bu, Pcv, Sc, Su, Ane, Sg, Htn, Rbcc, Ba, Al, Pc, Appet, Bgr, Pot, Sod, Pe, Hemo, Dm, Rbc"
5,DODA,20,Random Forest,0.49238578680203043,0.5045045045045045,0.5544554455445545,0.5283018867924528,0.4989686468646865,"Bp, Bu, Pcv, Sc, Su, Ane, Sg, Htn, Rbcc, Ba, Al, Pc, Appet, Bgr, Pot, Sod, Pe, Hemo, Dm, Rbc"
5,DODA,20,XGBoost,0.49238578680203043,0.5045045045045045,0.5544554455445545,0.5283018867924528,0.47937293729372943,"Bp, Bu, Pcv, Sc, Su, Ane, Sg, Htn, Rbcc, Ba, Al, Pc, Appet, Bgr, Pot, Sod, Pe, Hemo, Dm, Rbc"
