Fold,Method,Top_K,Model,Selected_Features,Accuracy,Precision,Recall,F1,ROC_AUC
1,mRMR,5,Logistic Regression,"Bp, Ba, Sg, Pot, Hemo",0.4898989898989899,0.5,0.5346534653465347,0.5167464114832536,0.5135245483311217
1,mRMR,5,Random Forest,"Bp, Ba, Sg, Pot, Hemo",0.4797979797979798,0.49074074074074076,0.5247524752475248,0.507177033492823,0.5059201796468307
1,mRMR,5,XGBoost,"Bp, Ba, Sg, Pot, Hemo",0.5505050505050505,0.5555555555555556,0.594059405940594,0.5741626794258373,0.5326120240890069
1,DODA,5,Logistic Regression,"Bp, Sg, Hemo, Pot, Sc",0.5050505050505051,0.5145631067961165,0.5247524752475248,0.5196078431372549,0.5076043686842912
1,DODA,5,Random Forest,"Bp, Sg, Hemo, Pot, Sc",0.5353535353535354,0.5454545454545454,0.5346534653465347,0.54,0.540522608961927
1,DODA,5,XGBoost,"Bp, Sg, Hemo, Pot, Sc",0.5707070707070707,0.5816326530612245,0.5643564356435643,0.5728643216080402,0.6082474226804124
1,mRMR,10,Logistic Regression,"Bp, Ba, Sg, Pot, Hemo, Wbcc, Su, Rbcc, Age, Bgr",0.5,0.5089285714285714,0.5643564356435643,0.5352112676056338,0.5094416658160662
1,mRMR,10,Random Forest,"Bp, Ba, Sg, Pot, Hemo, Wbcc, Su, Rbcc, Age, Bgr",0.5454545454545454,0.5486725663716814,0.6138613861386139,0.5794392523364486,0.589313055016842
1,mRMR,10,XGBoost,"Bp, Ba, Sg, Pot, Hemo, Wbcc, Su, Rbcc, Age, Bgr",0.5757575757575758,0.5779816513761468,0.6237623762376238,0.6,0.5779320200061243
1,DODA,10,Logistic Regression,"Bp, Sg, Hemo, Pot, Sc, Ba, Su, Bgr, Rbcc, Wbcc",0.5303030303030303,0.5377358490566038,0.5643564356435643,0.5507246376811594,0.5226089619271205
1,DODA,10,Random Forest,"Bp, Sg, Hemo, Pot, Sc, Ba, Su, Bgr, Rbcc, Wbcc",0.5151515151515151,0.5233644859813084,0.5544554455445545,0.5384615384615384,0.5577727875880373
1,DODA,10,XGBoost,"Bp, Sg, Hemo, Pot, Sc, Ba, Su, Bgr, Rbcc, Wbcc",0.5808080808080808,0.5865384615384616,0.6039603960396039,0.5951219512195122,0.5846687761559661
1,mRMR,15,Logistic Regression,"Bp, Ba, Sg, Pot, Hemo, Wbcc, Su, Rbcc, Age, Bgr, Sc, Sod, Pc, Appet, Rbc",0.5252525252525253,0.5346534653465347,0.5346534653465347,0.5346534653465347,0.5183219352863121
1,mRMR,15,Random Forest,"Bp, Ba, Sg, Pot, Hemo, Wbcc, Su, Rbcc, Age, Bgr, Sc, Sod, Pc, Appet, Rbc",0.5606060606060606,0.5660377358490566,0.594059405940594,0.5797101449275363,0.5858936409104828
1,mRMR,15,XGBoost,"Bp, Ba, Sg, Pot, Hemo, Wbcc, Su, Rbcc, Age, Bgr, Sc, Sod, Pc, Appet, Rbc",0.5606060606060606,0.5673076923076923,0.5841584158415841,0.5756097560975609,0.5900785954884148
1,DODA,15,Logistic Regression,"Bp, Sg, Hemo, Pot, Sc, Ba, Su, Bgr, Rbcc, Wbcc, Age, Htn, Sod, Al, Pc",0.5353535353535354,0.5420560747663551,0.5742574257425742,0.5576923076923077,0.5162804940287844
1,DODA,15,Random Forest,"Bp, Sg, Hemo, Pot, Sc, Ba, Su, Bgr, Rbcc, Wbcc, Age, Htn, Sod, Al, Pc",0.5656565656565656,0.5742574257425742,0.5742574257425742,0.5742574257425742,0.5813514341124834
1,DODA,15,XGBoost,"Bp, Sg, Hemo, Pot, Sc, Ba, Su, Bgr, Rbcc, Wbcc, Age, Htn, Sod, Al, Pc",0.601010101010101,0.6018518518518519,0.6435643564356436,0.6220095693779905,0.6247830968663877
1,mRMR,20,Logistic Regression,"Bp, Ba, Sg, Pot, Hemo, Wbcc, Su, Rbcc, Age, Bgr, Sc, Sod, Pc, Appet, Rbc, Htn, Ane, Pcv, Cad, Pe",0.5151515151515151,0.5252525252525253,0.5148514851485149,0.52,0.5224048178013677
1,mRMR,20,Random Forest,"Bp, Ba, Sg, Pot, Hemo, Wbcc, Su, Rbcc, Age, Bgr, Sc, Sod, Pc, Appet, Rbc, Htn, Ane, Pcv, Cad, Pe",0.5303030303030303,0.5370370370370371,0.5742574257425742,0.5550239234449761,0.5479738695519036
1,mRMR,20,XGBoost,"Bp, Ba, Sg, Pot, Hemo, Wbcc, Su, Rbcc, Age, Bgr, Sc, Sod, Pc, Appet, Rbc, Htn, Ane, Pcv, Cad, Pe",0.6060606060606061,0.6095238095238096,0.6336633663366337,0.6213592233009708,0.6132489537613557
1,DODA,20,Logistic Regression,"Bp, Sg, Hemo, Pot, Sc, Ba, Su, Bgr, Rbcc, Wbcc, Age, Htn, Sod, Al, Pc, Ane, Rbc, Bu, Pcv, Dm",0.5252525252525253,0.5333333333333333,0.5544554455445545,0.5436893203883495,0.519342655915076
1,DODA,20,Random Forest,"Bp, Sg, Hemo, Pot, Sc, Ba, Su, Bgr, Rbcc, Wbcc, Age, Htn, Sod, Al, Pc, Ane, Rbc, Bu, Pcv, Dm",0.5808080808080808,0.5803571428571429,0.6435643564356436,0.6103286384976526,0.5706849035419006
1,DODA,20,XGBoost,"Bp, Sg, Hemo, Pot, Sc, Ba, Su, Bgr, Rbcc, Wbcc, Age, Htn, Sod, Al, Pc, Ane, Rbc, Bu, Pcv, Dm",0.5858585858585859,0.5871559633027523,0.6336633663366337,0.6095238095238096,0.60549147698275
2,mRMR,5,Logistic Regression,"Bp, Ba, Pot, Pcv, Pe",0.4898989898989899,0.5047619047619047,0.5196078431372549,0.5120772946859904,0.5056168300653595
2,mRMR,5,Random Forest,"Bp, Ba, Pot, Pcv, Pe",0.5151515151515151,0.5277777777777778,0.5588235294117647,0.5428571428571428,0.5061785130718954
2,mRMR,5,XGBoost,"Bp, Ba, Pot, Pcv, Pe",0.5151515151515151,0.53125,0.5,0.5151515151515151,0.498672385620915
2,DODA,5,Logistic Regression,"Bp, Al, Pot, Sg, Pcv",0.51010101010101,0.5242718446601942,0.5294117647058824,0.526829268292683,0.521548202614379
2,DODA,5,Random Forest,"Bp, Al, Pot, Sg, Pcv",0.5252525252525253,0.5434782608695652,0.49019607843137253,0.5154639175257731,0.5218545751633987
2,DODA,5,XGBoost,"Bp, Al, Pot, Sg, Pcv",0.5050505050505051,0.5227272727272727,0.45098039215686275,0.4842105263157895,0.49407679738562094
2,mRMR,10,Logistic Regression,"Bp, Ba, Pot, Pcv, Pe, Rbcc, Sg, Al, Wbcc, Bu",0.5202020202020202,0.5327102803738317,0.5588235294117647,0.5454545454545454,0.5158292483660132
2,mRMR,10,Random Forest,"Bp, Ba, Pot, Pcv, Pe, Rbcc, Sg, Al, Wbcc, Bu",0.48484848484848486,0.5,0.4803921568627451,0.49,0.48815359477124187
2,mRMR,10,XGBoost,"Bp, Ba, Pot, Pcv, Pe, Rbcc, Sg, Al, Wbcc, Bu",0.4696969696969697,0.48514851485148514,0.4803921568627451,0.4827586206896552,0.47038398692810457
2,DODA,10,Logistic Regression,"Bp, Al, Pot, Sg, Pcv, Sc, Bu, Pe, Ba, Rbcc",0.5151515151515151,0.5283018867924528,0.5490196078431373,0.5384615384615384,0.5210375816993464
2,DODA,10,Random Forest,"Bp, Al, Pot, Sg, Pcv, Sc, Bu, Pe, Ba, Rbcc",0.5707070707070707,0.5977011494252874,0.5098039215686274,0.5502645502645502,0.5555044934640523
2,DODA,10,XGBoost,"Bp, Al, Pot, Sg, Pcv, Sc, Bu, Pe, Ba, Rbcc",0.494949494949495,0.5098039215686274,0.5098039215686274,0.5098039215686274,0.5018382352941176
2,mRMR,15,Logistic Regression,"Bp, Ba, Pot, Pcv, Pe, Rbcc, Sg, Al, Wbcc, Bu, Sc, Pc, Appet, Ane, Sod",0.5454545454545454,0.5555555555555556,0.5882352941176471,0.5714285714285714,0.5125612745098038
2,mRMR,15,Random Forest,"Bp, Ba, Pot, Pcv, Pe, Rbcc, Sg, Al, Wbcc, Bu, Sc, Pc, Appet, Ane, Sod",0.48484848484848486,0.5,0.45098039215686275,0.4742268041237113,0.491421568627451
2,mRMR,15,XGBoost,"Bp, Ba, Pot, Pcv, Pe, Rbcc, Sg, Al, Wbcc, Bu, Sc, Pc, Appet, Ane, Sod",0.4898989898989899,0.504950495049505,0.5,0.5024630541871922,0.4954044117647059
2,DODA,15,Logistic Regression,"Bp, Al, Pot, Sg, Pcv, Sc, Bu, Pe, Ba, Rbcc, Htn, Ane, Wbcc, Pc, Sod",0.5151515151515151,0.5283018867924528,0.5490196078431373,0.5384615384615384,0.5079656862745099
2,DODA,15,Random Forest,"Bp, Al, Pot, Sg, Pcv, Sc, Bu, Pe, Ba, Rbcc, Htn, Ane, Wbcc, Pc, Sod",0.494949494949495,0.5102040816326531,0.49019607843137253,0.5,0.5217524509803921
2,DODA,15,XGBoost,"Bp, Al, Pot, Sg, Pcv, Sc, Bu, Pe, Ba, Rbcc, Htn, Ane, Wbcc, Pc, Sod",0.45454545454545453,0.46875,0.4411764705882353,0.45454545454545453,0.48131127450980393
2,mRMR,20,Logistic Regression,"Bp, Ba, Pot, Pcv, Pe, Rbcc, Sg, Al, Wbcc, Bu, Sc, Pc, Appet, Ane, Sod, Pcc, Su, Htn, Cad, Hemo",0.5353535353535354,0.5462962962962963,0.5784313725490197,0.5619047619047619,0.5107230392156863
2,mRMR,20,Random Forest,"Bp, Ba, Pot, Pcv, Pe, Rbcc, Sg, Al, Wbcc, Bu, Sc, Pc, Appet, Ane, Sod, Pcc, Su, Htn, Cad, Hemo",0.51010101010101,0.5252525252525253,0.5098039215686274,0.5174129353233831,0.5368668300653594
2,mRMR,20,XGBoost,"Bp, Ba, Pot, Pcv, Pe, Rbcc, Sg, Al, Wbcc, Bu, Sc, Pc, Appet, Ane, Sod, Pcc, Su, Htn, Cad, Hemo",0.5353535353535354,0.5490196078431373,0.5490196078431373,0.5490196078431373,0.5205269607843137
2,DODA,20,Logistic Regression,"Bp, Al, Pot, Sg, Pcv, Sc, Bu, Pe, Ba, Rbcc, Htn, Ane, Wbcc, Pc, Sod, Hemo, Appet, Su, Dm, Pcc",0.5252525252525253,0.5384615384615384,0.5490196078431373,0.5436893203883495,0.5147058823529412
2,DODA,20,Random Forest,"Bp, Al, Pot, Sg, Pcv, Sc, Bu, Pe, Ba, Rbcc, Htn, Ane, Wbcc, Pc, Sod, Hemo, Appet, Su, Dm, Pcc",0.5252525252525253,0.5416666666666666,0.5098039215686274,0.5252525252525253,0.5439644607843136
2,DODA,20,XGBoost,"Bp, Al, Pot, Sg, Pcv, Sc, Bu, Pe, Ba, Rbcc, Htn, Ane, Wbcc, Pc, Sod, Hemo, Appet, Su, Dm, Pcc",0.5050505050505051,0.5185185185185185,0.5490196078431373,0.5333333333333333,0.5287990196078431
3,mRMR,5,Logistic Regression,"Bp, Pcv, Bgr, Ba, Su",0.5,0.5135135135135135,0.5588235294117647,0.5352112676056338,0.49458741830065356
3,mRMR,5,Random Forest,"Bp, Pcv, Bgr, Ba, Su",0.5202020202020202,0.5346534653465347,0.5294117647058824,0.5320197044334976,0.5116421568627452
3,mRMR,5,XGBoost,"Bp, Pcv, Bgr, Ba, Su",0.5252525252525253,0.5384615384615384,0.5490196078431373,0.5436893203883495,0.5047998366013072
3,DODA,5,Logistic Regression,"Bp, Pcv, Bgr, Sc, Su",0.5151515151515151,0.5263157894736842,0.5882352941176471,0.5555555555555556,0.49336192810457513
3,DODA,5,Random Forest,"Bp, Pcv, Bgr, Sc, Su",0.5202020202020202,0.5346534653465347,0.5294117647058824,0.5320197044334976,0.47492851307189543
3,DODA,5,XGBoost,"Bp, Pcv, Bgr, Sc, Su",0.5151515151515151,0.5272727272727272,0.5686274509803921,0.5471698113207547,0.48304738562091504
3,mRMR,10,Logistic Regression,"Bp, Pcv, Bgr, Ba, Su, Pot, Rbcc, Appet, Ane, Pe",0.5202020202020202,0.5327102803738317,0.5588235294117647,0.5454545454545454,0.5053104575163399
3,mRMR,10,Random Forest,"Bp, Pcv, Bgr, Ba, Su, Pot, Rbcc, Appet, Ane, Pe",0.4494949494949495,0.46601941747572817,0.47058823529411764,0.4682926829268293,0.45761846405228757
3,mRMR,10,XGBoost,"Bp, Pcv, Bgr, Ba, Su, Pot, Rbcc, Appet, Ane, Pe",0.51010101010101,0.5263157894736842,0.49019607843137253,0.5076142131979695,0.4864174836601307
3,DODA,10,Logistic Regression,"Bp, Pcv, Bgr, Sc, Su, Pot, Bu, Al, Ba, Ane",0.5252525252525253,0.5377358490566038,0.5588235294117647,0.5480769230769231,0.5066380718954249
3,DODA,10,Random Forest,"Bp, Pcv, Bgr, Sc, Su, Pot, Bu, Al, Ba, Ane",0.5050505050505051,0.5181818181818182,0.5588235294117647,0.5377358490566038,0.4928002450980392
3,DODA,10,XGBoost,"Bp, Pcv, Bgr, Sc, Su, Pot, Bu, Al, Ba, Ane",0.494949494949495,0.5092592592592593,0.5392156862745098,0.5238095238095238,0.4762050653594771
3,mRMR,15,Logistic Regression,"Bp, Pcv, Bgr, Ba, Su, Pot, Rbcc, Appet, Ane, Pe, Sod, Bu, Sc, Al, Cad",0.48484848484848486,0.5,0.5294117647058824,0.5142857142857142,0.5113357843137254
3,mRMR,15,Random Forest,"Bp, Pcv, Bgr, Ba, Su, Pot, Rbcc, Appet, Ane, Pe, Sod, Bu, Sc, Al, Cad",0.46464646464646464,0.4818181818181818,0.5196078431372549,0.5,0.48682598039215685
3,mRMR,15,XGBoost,"Bp, Pcv, Bgr, Ba, Su, Pot, Rbcc, Appet, Ane, Pe, Sod, Bu, Sc, Al, Cad",0.46464646464646464,0.48148148148148145,0.5098039215686274,0.49523809523809526,0.4812091503267974
3,DODA,15,Logistic Regression,"Bp, Pcv, Bgr, Sc, Su, Pot, Bu, Al, Ba, Ane, Rbcc, Pe, Sod, Appet, Dm",0.5202020202020202,0.5321100917431193,0.5686274509803921,0.5497630331753555,0.512561274509804
3,DODA,15,Random Forest,"Bp, Pcv, Bgr, Sc, Su, Pot, Bu, Al, Ba, Ane, Rbcc, Pe, Sod, Appet, Dm",0.5,0.5137614678899083,0.5490196078431373,0.5308056872037915,0.4785028594771241
3,DODA,15,XGBoost,"Bp, Pcv, Bgr, Sc, Su, Pot, Bu, Al, Ba, Ane, Rbcc, Pe, Sod, Appet, Dm",0.4797979797979798,0.49557522123893805,0.5490196078431373,0.5209302325581395,0.48335375816993464
3,mRMR,20,Logistic Regression,"Bp, Pcv, Bgr, Ba, Su, Pot, Rbcc, Appet, Ane, Pe, Sod, Bu, Sc, Al, Cad, Dm, Age, Wbcc, Sg, Htn",0.5050505050505051,0.5181818181818182,0.5588235294117647,0.5377358490566038,0.5098039215686274
3,mRMR,20,Random Forest,"Bp, Pcv, Bgr, Ba, Su, Pot, Rbcc, Appet, Ane, Pe, Sod, Bu, Sc, Al, Cad, Dm, Age, Wbcc, Sg, Htn",0.5,0.5132743362831859,0.5686274509803921,0.5395348837209303,0.47472426470588236
3,mRMR,20,XGBoost,"Bp, Pcv, Bgr, Ba, Su, Pot, Rbcc, Appet, Ane, Pe, Sod, Bu, Sc, Al, Cad, Dm, Age, Wbcc, Sg, Htn",0.4696969696969697,0.4864864864864865,0.5294117647058824,0.5070422535211268,0.4832516339869281
3,DODA,20,Logistic Regression,"Bp, Pcv, Bgr, Sc, Su, Pot, Bu, Al, Ba, Ane, Rbcc, Pe, Sod, Appet, Dm, Sg, Htn, Age, Cad, Hemo",0.5050505050505051,0.5181818181818182,0.5588235294117647,0.5377358490566038,0.5101102941176471
3,DODA,20,Random Forest,"Bp, Pcv, Bgr, Sc, Su, Pot, Bu, Al, Ba, Ane, Rbcc, Pe, Sod, Appet, Dm, Sg, Htn, Age, Cad, Hemo",0.51010101010101,0.5233644859813084,0.5490196078431373,0.5358851674641149,0.5177696078431372
3,DODA,20,XGBoost,"Bp, Pcv, Bgr, Sc, Su, Pot, Bu, Al, Ba, Ane, Rbcc, Pe, Sod, Appet, Dm, Sg, Htn, Age, Cad, Hemo",0.5252525252525253,0.5370370370370371,0.5686274509803921,0.5523809523809524,0.5088848039215687
4,mRMR,5,Logistic Regression,"Bp, Pot, Ba, Pe, Su",0.5431472081218274,0.5454545454545454,0.6534653465346535,0.5945945945945946,0.5673473597359736
4,mRMR,5,Random Forest,"Bp, Pot, Ba, Pe, Su",0.5025380710659898,0.5135135135135135,0.5643564356435643,0.5377358490566038,0.48561262376237624
4,mRMR,5,XGBoost,"Bp, Pot, Ba, Pe, Su",0.5025380710659898,0.5121951219512195,0.6237623762376238,0.5625,0.456476897689769
4,DODA,5,Logistic Regression,"Bp, Bu, Pot, Sc, Pe",0.5634517766497462,0.5630252100840336,0.6633663366336634,0.6090909090909091,0.5465140264026402
4,DODA,5,Random Forest,"Bp, Bu, Pot, Sc, Pe",0.4720812182741117,0.4864864864864865,0.5346534653465347,0.5094339622641509,0.45864273927392746
4,DODA,5,XGBoost,"Bp, Bu, Pot, Sc, Pe",0.5076142131979695,0.5178571428571429,0.5742574257425742,0.5446009389671361,0.48514851485148514
4,mRMR,10,Logistic Regression,"Bp, Pot, Ba, Pe, Su, Bu, Bgr, Rbcc, Sc, Sod",0.5279187817258884,0.5363636363636364,0.5841584158415841,0.5592417061611374,0.5585808580858086
4,mRMR,10,Random Forest,"Bp, Pot, Ba, Pe, Su, Bu, Bgr, Rbcc, Sc, Sod",0.5177664974619289,0.5306122448979592,0.5148514851485149,0.5226130653266332,0.480868399339934
4,mRMR,10,XGBoost,"Bp, Pot, Ba, Pe, Su, Bu, Bgr, Rbcc, Sc, Sod",0.5076142131979695,0.5192307692307693,0.5346534653465347,0.526829268292683,0.5039191419141914
4,DODA,10,Logistic Regression,"Bp, Bu, Pot, Sc, Pe, Su, Bgr, Ba, Al, Rbcc",0.5482233502538071,0.5517241379310345,0.6336633663366337,0.5898617511520737,0.5551773927392739
4,DODA,10,Random Forest,"Bp, Bu, Pot, Sc, Pe, Su, Bgr, Ba, Al, Rbcc",0.4720812182741117,0.48672566371681414,0.5445544554455446,0.514018691588785,0.4799401815181518
4,DODA,10,XGBoost,"Bp, Bu, Pot, Sc, Pe, Su, Bgr, Ba, Al, Rbcc",0.5025380710659898,0.5137614678899083,0.5544554455445545,0.5333333333333333,0.4898927392739274
4,mRMR,15,Logistic Regression,"Bp, Pot, Ba, Pe, Su, Bu, Bgr, Rbcc, Sc, Sod, Pcv, Appet, Rbc, Ane, Wbcc",0.5228426395939086,0.5309734513274337,0.594059405940594,0.5607476635514018,0.5468234323432344
4,mRMR,15,Random Forest,"Bp, Pot, Ba, Pe, Su, Bu, Bgr, Rbcc, Sc, Sod, Pcv, Appet, Rbc, Ane, Wbcc",0.4517766497461929,0.4666666666666667,0.48514851485148514,0.47572815533980584,0.4611695544554456
4,mRMR,15,XGBoost,"Bp, Pot, Ba, Pe, Su, Bu, Bgr, Rbcc, Sc, Sod, Pcv, Appet, Rbc, Ane, Wbcc",0.5177664974619289,0.5319148936170213,0.49504950495049505,0.5128205128205128,0.505569306930693
4,DODA,15,Logistic Regression,"Bp, Bu, Pot, Sc, Pe, Su, Bgr, Ba, Al, Rbcc, Pcv, Sod, Sg, Ane, Rbc",0.5177664974619289,0.5277777777777778,0.5643564356435643,0.5454545454545454,0.550845709570957
4,DODA,15,Random Forest,"Bp, Bu, Pot, Sc, Pe, Su, Bgr, Ba, Al, Rbcc, Pcv, Sod, Sg, Ane, Rbc",0.5126903553299492,0.5238095238095238,0.5445544554455446,0.5339805825242718,0.49778259075907594
4,DODA,15,XGBoost,"Bp, Bu, Pot, Sc, Pe, Su, Bgr, Ba, Al, Rbcc, Pcv, Sod, Sg, Ane, Rbc",0.5126903553299492,0.5257731958762887,0.504950495049505,0.5151515151515151,0.5
4,mRMR,20,Logistic Regression,"Bp, Pot, Ba, Pe, Su, Bu, Bgr, Rbcc, Sc, Sod, Pcv, Appet, Rbc, Ane, Wbcc, Al, Sg, Age, Cad, Dm",0.5431472081218274,0.5470085470085471,0.6336633663366337,0.5871559633027523,0.5492986798679869
4,mRMR,20,Random Forest,"Bp, Pot, Ba, Pe, Su, Bu, Bgr, Rbcc, Sc, Sod, Pcv, Appet, Rbc, Ane, Wbcc, Al, Sg, Age, Cad, Dm",0.4619289340101523,0.4752475247524752,0.4752475247524752,0.4752475247524752,0.49401815181518155
4,mRMR,20,XGBoost,"Bp, Pot, Ba, Pe, Su, Bu, Bgr, Rbcc, Sc, Sod, Pcv, Appet, Rbc, Ane, Wbcc, Al, Sg, Age, Cad, Dm",0.5126903553299492,0.5257731958762887,0.504950495049505,0.5151515151515151,0.5199051155115512
4,DODA,20,Logistic Regression,"Bp, Bu, Pot, Sc, Pe, Su, Bgr, Ba, Al, Rbcc, Pcv, Sod, Sg, Ane, Rbc, Dm, Htn, Appet, Age, Hemo",0.5279187817258884,0.5344827586206896,0.6138613861386139,0.5714285714285714,0.5549711221122112
4,DODA,20,Random Forest,"Bp, Bu, Pot, Sc, Pe, Su, Bgr, Ba, Al, Rbcc, Pcv, Sod, Sg, Ane, Rbc, Dm, Htn, Appet, Age, Hemo",0.49746192893401014,0.5092592592592593,0.5445544554455446,0.5263157894736842,0.5042285478547854
4,DODA,20,XGBoost,"Bp, Bu, Pot, Sc, Pe, Su, Bgr, Ba, Al, Rbcc, Pcv, Sod, Sg, Ane, Rbc, Dm, Htn, Appet, Age, Hemo",0.5025380710659898,0.5164835164835165,0.46534653465346537,0.4895833333333333,0.5278465346534654
5,mRMR,5,Logistic Regression,"Bp, Su, Pcv, Bu, Ba",0.5025380710659898,0.5126050420168067,0.6039603960396039,0.5545454545454546,0.518667491749175
5,mRMR,5,Random Forest,"Bp, Su, Pcv, Bu, Ba",0.5279187817258884,0.5408163265306123,0.5247524752475248,0.5326633165829145,0.5088180693069306
5,mRMR,5,XGBoost,"Bp, Su, Pcv, Bu, Ba",0.49238578680203043,0.5047619047619047,0.5247524752475248,0.5145631067961165,0.47896039603960394
5,DODA,5,Logistic Regression,"Bp, Bu, Pcv, Su, Sc",0.49746192893401014,0.5080645161290323,0.6237623762376238,0.56,0.5015470297029703
5,DODA,5,Random Forest,"Bp, Bu, Pcv, Su, Sc",0.5076142131979695,0.5181818181818182,0.5643564356435643,0.5402843601895735,0.484529702970297
5,DODA,5,XGBoost,"Bp, Bu, Pcv, Su, Sc",0.47715736040609136,0.49056603773584906,0.5148514851485149,0.5024154589371981,0.48298267326732675
5,mRMR,10,Logistic Regression,"Bp, Su, Pcv, Bu, Ba, Pc, Ane, Rbcc, Appet, Htn",0.5380710659898477,0.5431034482758621,0.6237623762376238,0.5806451612903226,0.5219678217821783
5,mRMR,10,Random Forest,"Bp, Su, Pcv, Bu, Ba, Pc, Ane, Rbcc, Appet, Htn",0.4619289340101523,0.4752475247524752,0.4752475247524752,0.4752475247524752,0.4740614686468647
5,mRMR,10,XGBoost,"Bp, Su, Pcv, Bu, Ba, Pc, Ane, Rbcc, Appet, Htn",0.467005076142132,0.4803921568627451,0.48514851485148514,0.4827586206896552,0.477207095709571
5,DODA,10,Logistic Regression,"Bp, Bu, Pcv, Su, Sc, Htn, Ane, Sg, Pc, Ba",0.5329949238578681,0.5405405405405406,0.594059405940594,0.5660377358490566,0.5099009900990099
5,DODA,10,Random Forest,"Bp, Bu, Pcv, Su, Sc, Htn, Ane, Sg, Pc, Ba",0.4416243654822335,0.45794392523364486,0.48514851485148514,0.47115384615384615,0.43780940594059403
5,DODA,10,XGBoost,"Bp, Bu, Pcv, Su, Sc, Htn, Ane, Sg, Pc, Ba",0.48223350253807107,0.4953271028037383,0.5247524752475248,0.5096153846153846,0.4631806930693069
5,mRMR,15,Logistic Regression,"Bp, Su, Pcv, Bu, Ba, Pc, Ane, Rbcc, Appet, Htn, Sc, Sg, Pot, Bgr, Pcc",0.5076142131979695,0.5178571428571429,0.5742574257425742,0.5446009389671361,0.5212458745874587
5,mRMR,15,Random Forest,"Bp, Su, Pcv, Bu, Ba, Pc, Ane, Rbcc, Appet, Htn, Sc, Sg, Pot, Bgr, Pcc",0.5076142131979695,0.5185185185185185,0.5544554455445545,0.5358851674641149,0.48437500000000006
5,mRMR,15,XGBoost,"Bp, Su, Pcv, Bu, Ba, Pc, Ane, Rbcc, Appet, Htn, Sc, Sg, Pot, Bgr, Pcc",0.49746192893401014,0.5094339622641509,0.5346534653465347,0.5217391304347826,0.4777227722772277
5,DODA,15,Logistic Regression,"Bp, Bu, Pcv, Su, Sc, Htn, Ane, Sg, Pc, Ba, Rbcc, Al, Bgr, Pot, Appet",0.5329949238578681,0.5412844036697247,0.5841584158415841,0.5619047619047619,0.5320750825082509
5,DODA,15,Random Forest,"Bp, Bu, Pcv, Su, Sc, Htn, Ane, Sg, Pc, Ba, Rbcc, Al, Bgr, Pot, Appet",0.5076142131979695,0.5175438596491229,0.5841584158415841,0.5488372093023256,0.49143976897689773
5,DODA,15,XGBoost,"Bp, Bu, Pcv, Su, Sc, Htn, Ane, Sg, Pc, Ba, Rbcc, Al, Bgr, Pot, Appet",0.4619289340101523,0.47619047619047616,0.49504950495049505,0.4854368932038835,0.4664810231023102
5,mRMR,20,Logistic Regression,"Bp, Su, Pcv, Bu, Ba, Pc, Ane, Rbcc, Appet, Htn, Sc, Sg, Pot, Bgr, Pcc, Sod, Al, Pe, Rbc, Hemo",0.5228426395939086,0.5309734513274337,0.594059405940594,0.5607476635514018,0.5273308580858086
5,mRMR,20,Random Forest,"Bp, Su, Pcv, Bu, Ba, Pc, Ane, Rbcc, Appet, Htn, Sc, Sg, Pot, Bgr, Pcc, Sod, Al, Pe, Rbc, Hemo",0.5228426395939086,0.5309734513274337,0.594059405940594,0.5607476635514018,0.5178939768976898
5,mRMR,20,XGBoost,"Bp, Su, Pcv, Bu, Ba, Pc, Ane, Rbcc, Appet, Htn, Sc, Sg, Pot, Bgr, Pcc, Sod, Al, Pe, Rbc, Hemo",0.5126903553299492,0.5225225225225225,0.5742574257425742,0.5471698113207547,0.48298267326732675
5,DODA,20,Logistic Regression,"Bp, Bu, Pcv, Su, Sc, Htn, Ane, Sg, Pc, Ba, Rbcc, Al, Bgr, Pot, Appet, Sod, Hemo, Dm, Pe, Pcc",0.5177664974619289,0.5263157894736842,0.594059405940594,0.5581395348837209,0.5258869636963697
5,DODA,20,Random Forest,"Bp, Bu, Pcv, Su, Sc, Htn, Ane, Sg, Pc, Ba, Rbcc, Al, Bgr, Pot, Appet, Sod, Hemo, Dm, Pe, Pcc",0.5076142131979695,0.5175438596491229,0.5841584158415841,0.5488372093023256,0.48179661716171623
5,DODA,20,XGBoost,"Bp, Bu, Pcv, Su, Sc, Htn, Ane, Sg, Pc, Ba, Rbcc, Al, Bgr, Pot, Appet, Sod, Hemo, Dm, Pe, Pcc",0.49746192893401014,0.509090909090909,0.5544554455445545,0.5308056872037915,0.4968028052805281
