Top_K,Model,Metric,ANOVA_Mean,DODA_Mean,DODA_minus_ANOVA,Difference_STD,Cohens_d,Wilcoxon_Statistic,p_value,Direction,Significance
5,Logistic Regression,Accuracy,0.8381967213114754,0.8315300546448088,-0.006666666666666665,0.014907119849998594,-0.447213595499958,0.0,1.0,ANOVA better,Not significant
5,Logistic Regression,Precision,0.85209606735094,0.8444037596586323,-0.0076923076923076875,0.017200522903844526,-0.4472135954999579,0.0,1.0,ANOVA better,Not significant
5,Logistic Regression,Recall,0.7841269841269841,0.7767195767195767,-0.007407407407407418,0.01656346649999847,-0.44721359549995787,0.0,1.0,ANOVA better,Not significant
5,Logistic Regression,F1,0.8152933321284277,0.8077461623171068,-0.007547169811320753,0.016875984735847463,-0.44721359549995804,0.0,1.0,ANOVA better,Not significant
5,Logistic Regression,ROC_AUC,0.8940877024210356,0.8954345037678371,0.0013468013468013406,0.0030115393636360667,0.4472135954999579,0.0,1.0,DODA better,Not significant
5,Random Forest,Accuracy,0.7720218579234973,0.7885792349726776,0.016557377049180366,0.020190498887701868,0.8200578470730877,1.5,0.1875,DODA better,Not significant
5,Random Forest,Precision,0.7617771883289126,0.7889771959898187,0.0272000076609062,0.03725655650455277,0.7300730451989663,2.0,0.1875,DODA better,Not significant
5,Random Forest,Recall,0.7338624338624338,0.7410052910052911,0.00714285714285714,0.01597191412499849,0.4472135954999579,0.0,1.0,DODA better,Not significant
5,Random Forest,F1,0.7459274670725549,0.7616265009684751,0.015699033895920155,0.017668982943655896,0.8885080678374271,2.0,0.1875,DODA better,Not significant
5,Random Forest,ROC_AUC,0.8670510912698413,0.8706598474827641,0.0036087562129228923,0.009944133692774786,0.36290302648937073,3.0,1.0,DODA better,Not significant
5,XGBoost,Accuracy,0.7884699453551913,0.7918579234972677,0.0033879781420764975,0.02448185009764926,0.13838734117573126,2.0,0.75,DODA better,Not significant
5,XGBoost,Precision,0.7861318681318682,0.7949020544672718,0.00877018633540374,0.03717092130583424,0.2359421296890803,2.0,0.75,DODA better,Not significant
5,XGBoost,Recall,0.7404761904761904,0.741005291005291,0.0005291005291005347,0.044823512583367454,0.011804084477236321,3.0,1.0,DODA better,Not significant
5,XGBoost,F1,0.7623290406309273,0.7656945492128623,0.003365508581934784,0.030482433785725013,0.11040813228997674,2.0,0.75,DODA better,Not significant
5,XGBoost,ROC_AUC,0.8633858425525093,0.8723404681738016,0.008954625621292322,0.018326379585088915,0.4886194558895947,1.0,0.5,DODA better,Not significant
8,Logistic Regression,Accuracy,0.8381967213114754,0.8348633879781421,-0.0033333333333333435,0.007453559924999322,-0.4472135954999579,0.0,1.0,ANOVA better,Not significant
8,Logistic Regression,Precision,0.8534944438450751,0.851172990427863,-0.002321453417212016,0.029109398052954268,-0.0797492759207508,3.0,0.625,ANOVA better,Not significant
8,Logistic Regression,Recall,0.7838624338624338,0.7767195767195767,-0.00714285714285714,0.029880715233359827,-0.23904572186687875,2.0,1.0,ANOVA better,Not significant
8,Logistic Regression,F1,0.8146489307007752,0.8108209352032004,-0.003827995497574621,0.007902347736791392,-0.4844124335040855,2.0,0.375,ANOVA better,Not significant
8,Logistic Regression,ROC_AUC,0.9106809664101331,0.9003710217251882,-0.010309944684944705,0.00702190255759025,-1.468255163096828,0.0,0.0625,ANOVA better,Not significant
8,Random Forest,Accuracy,0.8216939890710382,0.8315846994535517,0.009890710382513612,0.01871574727746557,0.5284699689454763,2.0,0.375,DODA better,Not significant
8,Random Forest,Precision,0.8203805453805453,0.8499487629922413,0.029568217611695903,0.021290689565351444,1.3887862824234374,1.0,0.125,DODA better,Not significant
8,Random Forest,Recall,0.7838624338624338,0.769047619047619,-0.014814814814814814,0.0416551172369866,-0.35565413801453366,1.5,0.75,ANOVA better,Not significant
8,Random Forest,F1,0.8010532863363051,0.8061901124085997,0.005136826072294575,0.025121492390000257,0.20447933556444745,7.0,1.0,DODA better,Not significant
8,Random Forest,ROC_AUC,0.9000948222302387,0.9039609888568222,0.003866166626583323,0.014956899025219239,0.2584871783960347,5.0,0.625,DODA better,Not significant
8,XGBoost,Accuracy,0.8118032786885246,0.7851912568306011,-0.026612021857923506,0.04755809628570897,-0.5595686946350777,3.0,0.3125,ANOVA better,Not significant
8,XGBoost,Precision,0.8089980262394055,0.775360448807854,-0.0336375774315514,0.0425000364758986,-0.7914717308684424,3.0,0.3125,ANOVA better,Not significant
8,XGBoost,Recall,0.7769841269841271,0.7476190476190475,-0.029365079365079372,0.08241175984497466,-0.3563214694155085,4.5,0.5,ANOVA better,Not significant
8,XGBoost,F1,0.7906177565124933,0.7588105110622789,-0.03180724545021445,0.059155752440560726,-0.537686431800088,3.0,0.3125,ANOVA better,Not significant
8,XGBoost,ROC_AUC,0.8881470959595961,0.8809082892416225,-0.007238806717973456,0.013256054945353679,-0.5460754913746566,3.0,0.3125,ANOVA better,Not significant
10,Logistic Regression,Accuracy,0.8381967213114754,0.8415300546448087,0.0033333333333333435,0.013781438098817725,0.24187122631413205,1.0,0.5,DODA better,Not significant
10,Logistic Regression,Precision,0.8449476650563608,0.8508779264214048,0.005930261365043976,0.013973575344708005,0.4243911253027917,2.0,0.75,DODA better,Not significant
10,Logistic Regression,Recall,0.7984126984126985,0.7984126984126985,0.0,0.025253813613805257,0.0,1.5,1.0,Equal,Not significant
10,Logistic Regression,F1,0.8177302436125965,0.8210312062254348,0.0033009626128383206,0.01711567416383131,0.1928619685816341,2.0,0.75,DODA better,Not significant
10,Logistic Regression,ROC_AUC,0.9098532447490781,0.9099431818181818,8.993706910376265e-05,0.008543089286144391,0.01052746449105092,4.0,0.875,DODA better,Not significant
10,Random Forest,Accuracy,0.8283606557377048,0.8316939890710382,0.0033333333333332993,0.013781438098817739,0.24187122631412858,2.0,0.75,DODA better,Not significant
10,Random Forest,Precision,0.829698642742121,0.8362211751267224,0.006522532384601365,0.030653139635414276,0.2127851326872153,2.0,0.75,DODA better,Not significant
10,Random Forest,Recall,0.7912698412698413,0.7910052910052909,-0.0002645502645502784,0.02572402759266189,-0.010284169677447585,1.0,1.0,ANOVA better,Not significant
10,Random Forest,F1,0.8088328664799252,0.8114182515111306,0.002585385031205445,0.012658048301615153,0.20424831455853684,2.0,0.75,DODA better,Not significant
10,Random Forest,ROC_AUC,0.9100242253888087,0.9085102012185345,-0.0015140241702741753,0.011914891155538792,-0.1270699119706487,6.0,0.8125,ANOVA better,Not significant
10,XGBoost,Accuracy,0.8053005464480874,0.8184153005464481,0.013114754098360649,0.024408099529526175,0.5373115626022376,2.5,0.5,DODA better,Not significant
10,XGBoost,Precision,0.8177188158057724,0.8186206896551724,0.0009018738494001033,0.02720964819094314,0.03314536972588629,4.0,0.875,DODA better,Not significant
10,XGBoost,Recall,0.7407407407407407,0.7764550264550264,0.03571428571428572,0.05050762722761055,0.7071067811865475,0.0,0.5,DODA better,Not significant
10,XGBoost,F1,0.7769895178197066,0.795318767483392,0.018329249663685453,0.029504336734348446,0.6212391699809626,1.0,0.25,DODA better,Not significant
10,XGBoost,ROC_AUC,0.8930881232964566,0.8901951058201059,-0.0028930174763507344,0.013125600566264783,-0.2204102937420116,6.0,0.8125,ANOVA better,Not significant
13,Logistic Regression,Accuracy,0.831584699453552,0.831584699453552,0.0,0.0,0.0,0.0,1.0,Equal,Not significant
13,Logistic Regression,Precision,0.8304375589982786,0.8304375589982786,0.0,0.0,0.0,0.0,1.0,Equal,Not significant
13,Logistic Regression,Recall,0.7984126984126985,0.7984126984126985,0.0,0.0,0.0,0.0,1.0,Equal,Not significant
13,Logistic Regression,F1,0.8126165681583638,0.8126165681583638,0.0,0.0,0.0,0.0,1.0,Equal,Not significant
13,Logistic Regression,ROC_AUC,0.9116306918390251,0.9116306918390251,0.0,0.0,0.0,0.0,1.0,Equal,Not significant
13,Random Forest,Accuracy,0.8217486338797814,0.8415846994535519,0.01983606557377051,0.018295405132582675,1.0842102391296076,0.0,0.125,DODA better,Not significant
13,Random Forest,Precision,0.8318964449399232,0.8498150448585232,0.017918599918599898,0.02969804573537756,0.6033595637323202,0.0,0.125,DODA better,Not significant
13,Random Forest,Recall,0.7695767195767196,0.7984126984126985,0.028835978835978836,0.016129974795258163,1.7877262179266358,0.0,0.125,DODA better,Not significant
13,Random Forest,F1,0.7987469216769993,0.8222183698654286,0.023471448188429278,0.018935696035046995,1.2395344826505093,0.0,0.125,DODA better,Not significant
13,Random Forest,ROC_AUC,0.9103629298941798,0.9063882876382877,-0.0039746422558922575,0.011718598288558752,-0.3391738634622223,5.0,0.625,ANOVA better,Not significant
13,XGBoost,Accuracy,0.8284153005464482,0.825136612021858,-0.0032786885245901674,0.007331370418032105,-0.447213595499958,0.0,1.0,ANOVA better,Not significant
13,XGBoost,Precision,0.8366679986679987,0.8425798605321747,0.005911861864176027,0.021922147126845138,0.26967531191032634,2.0,0.75,DODA better,Not significant
13,XGBoost,Recall,0.7841269841269842,0.7695767195767196,-0.014550264550264558,0.019929258165766368,-0.7300956427599691,0.0,0.5,ANOVA better,Not significant
13,XGBoost,F1,0.8074078284423111,0.8018581293157563,-0.005549699126554763,0.0056924628276351814,-0.974920573852965,0.0,0.25,ANOVA better,Not significant
13,XGBoost,ROC_AUC,0.8918052048260382,0.8964080286996954,0.004602823873657136,0.004637656460744979,0.9924891834091895,1.0,0.125,DODA better,Not significant
