Method,Top_K,Model,Fold,Accuracy,Precision,Recall,F1,ROC_AUC,Selected_Features
ANOVA,5,Logistic Regression,1,0.8852459016393442,0.8620689655172413,0.8928571428571429,0.8771929824561403,0.9312770562770563,"cp, exang, oldpeak, ca, thal"
ANOVA,5,Logistic Regression,2,0.819672131147541,0.8695652173913043,0.7142857142857143,0.7843137254901961,0.8820346320346321,"thalach, exang, oldpeak, ca, thal"
ANOVA,5,Logistic Regression,3,0.8360655737704918,0.8461538461538461,0.7857142857142857,0.8148148148148148,0.9155844155844156,"cp, exang, oldpeak, ca, thal"
ANOVA,5,Logistic Regression,4,0.8166666666666667,0.8076923076923077,0.7777777777777778,0.7924528301886793,0.8843995510662177,"thalach, exang, oldpeak, ca, thal"
ANOVA,5,Logistic Regression,5,0.8333333333333334,0.875,0.75,0.8076923076923077,0.8571428571428571,"cp, thalach, exang, ca, thal"
ANOVA,5,Random Forest,1,0.7868852459016393,0.8,0.7142857142857143,0.7547169811320755,0.9128787878787878,"cp, exang, oldpeak, ca, thal"
ANOVA,5,Random Forest,2,0.7704918032786885,0.7692307692307693,0.7142857142857143,0.7407407407407407,0.8327922077922079,"thalach, exang, oldpeak, ca, thal"
ANOVA,5,Random Forest,3,0.8360655737704918,0.8,0.8571428571428571,0.8275862068965517,0.9080086580086579,"cp, exang, oldpeak, ca, thal"
ANOVA,5,Random Forest,4,0.7333333333333333,0.6896551724137931,0.7407407407407407,0.7142857142857143,0.8383838383838385,"thalach, exang, oldpeak, ca, thal"
ANOVA,5,Random Forest,5,0.7333333333333333,0.75,0.6428571428571429,0.6923076923076923,0.8431919642857142,"cp, thalach, exang, ca, thal"
ANOVA,5,XGBoost,1,0.8032786885245902,0.8076923076923077,0.75,0.7777777777777778,0.8998917748917749,"cp, exang, oldpeak, ca, thal"
ANOVA,5,XGBoost,2,0.819672131147541,0.84,0.75,0.7924528301886793,0.854978354978355,"thalach, exang, oldpeak, ca, thal"
ANOVA,5,XGBoost,3,0.8360655737704918,0.8214285714285714,0.8214285714285714,0.8214285714285714,0.9080086580086579,"cp, exang, oldpeak, ca, thal"
ANOVA,5,XGBoost,4,0.7166666666666667,0.6923076923076923,0.6666666666666666,0.6792452830188679,0.8058361391694725,"thalach, exang, oldpeak, ca, thal"
ANOVA,5,XGBoost,5,0.7666666666666667,0.7692307692307693,0.7142857142857143,0.7407407407407407,0.8482142857142857,"cp, thalach, exang, ca, thal"
ANOVA,8,Logistic Regression,1,0.8852459016393442,0.8387096774193549,0.9285714285714286,0.8813559322033898,0.9426406926406926,"sex, cp, thalach, exang, oldpeak, slope, ca, thal"
ANOVA,8,Logistic Regression,2,0.819672131147541,0.8695652173913043,0.7142857142857143,0.7843137254901961,0.908008658008658,"sex, cp, thalach, exang, oldpeak, slope, ca, thal"
ANOVA,8,Logistic Regression,3,0.8360655737704918,0.8461538461538461,0.7857142857142857,0.8148148148148148,0.9231601731601732,"sex, cp, thalach, exang, oldpeak, slope, ca, thal"
ANOVA,8,Logistic Regression,4,0.8,0.8,0.7407407407407407,0.7692307692307693,0.9034792368125701,"sex, cp, thalach, exang, oldpeak, slope, ca, thal"
ANOVA,8,Logistic Regression,5,0.85,0.9130434782608695,0.75,0.8235294117647058,0.8761160714285714,"sex, cp, thalach, exang, oldpeak, slope, ca, thal"
ANOVA,8,Random Forest,1,0.8360655737704918,0.8214285714285714,0.8214285714285714,0.8214285714285714,0.9253246753246753,"sex, cp, thalach, exang, oldpeak, slope, ca, thal"
ANOVA,8,Random Forest,2,0.819672131147541,0.8148148148148148,0.7857142857142857,0.8,0.8722943722943723,"sex, cp, thalach, exang, oldpeak, slope, ca, thal"
ANOVA,8,Random Forest,3,0.8360655737704918,0.8214285714285714,0.8214285714285714,0.8214285714285714,0.9166666666666666,"sex, cp, thalach, exang, oldpeak, slope, ca, thal"
ANOVA,8,Random Forest,4,0.7833333333333333,0.7692307692307693,0.7407407407407407,0.7547169811320755,0.8849607182940517,"sex, cp, thalach, exang, oldpeak, slope, ca, thal"
ANOVA,8,Random Forest,5,0.8333333333333334,0.875,0.75,0.8076923076923077,0.9012276785714285,"sex, cp, thalach, exang, oldpeak, slope, ca, thal"
ANOVA,8,XGBoost,1,0.8524590163934426,0.8518518518518519,0.8214285714285714,0.8363636363636363,0.9274891774891775,"sex, cp, thalach, exang, oldpeak, slope, ca, thal"
ANOVA,8,XGBoost,2,0.7868852459016393,0.7586206896551724,0.7857142857142857,0.7719298245614035,0.8571428571428572,"sex, cp, thalach, exang, oldpeak, slope, ca, thal"
ANOVA,8,XGBoost,3,0.819672131147541,0.7931034482758621,0.8214285714285714,0.8070175438596491,0.908008658008658,"sex, cp, thalach, exang, oldpeak, slope, ca, thal"
ANOVA,8,XGBoost,4,0.8,0.7777777777777778,0.7777777777777778,0.7777777777777778,0.8585858585858586,"sex, cp, thalach, exang, oldpeak, slope, ca, thal"
ANOVA,8,XGBoost,5,0.8,0.8636363636363636,0.6785714285714286,0.76,0.8895089285714286,"sex, cp, thalach, exang, oldpeak, slope, ca, thal"
ANOVA,10,Logistic Regression,1,0.8688524590163934,0.8125,0.9285714285714286,0.8666666666666667,0.9415584415584416,"age, sex, cp, trestbps, thalach, exang, oldpeak, slope, ca, thal"
ANOVA,10,Logistic Regression,2,0.819672131147541,0.8695652173913043,0.7142857142857143,0.7843137254901961,0.8993506493506493,"age, sex, cp, restecg, thalach, exang, oldpeak, slope, ca, thal"
ANOVA,10,Logistic Regression,3,0.8524590163934426,0.8518518518518519,0.8214285714285714,0.8363636363636363,0.922077922077922,"age, sex, cp, restecg, thalach, exang, oldpeak, slope, ca, thal"
ANOVA,10,Logistic Regression,4,0.8,0.7777777777777778,0.7777777777777778,0.7777777777777778,0.9012345679012346,"age, sex, cp, restecg, thalach, exang, oldpeak, slope, ca, thal"
ANOVA,10,Logistic Regression,5,0.85,0.9130434782608695,0.75,0.8235294117647058,0.8850446428571428,"age, sex, cp, restecg, thalach, exang, oldpeak, slope, ca, thal"
ANOVA,10,Random Forest,1,0.8360655737704918,0.8214285714285714,0.8214285714285714,0.8214285714285714,0.941017316017316,"age, sex, cp, trestbps, thalach, exang, oldpeak, slope, ca, thal"
ANOVA,10,Random Forest,2,0.819672131147541,0.8148148148148148,0.7857142857142857,0.8,0.8923160173160173,"age, sex, cp, restecg, thalach, exang, oldpeak, slope, ca, thal"
ANOVA,10,Random Forest,3,0.8360655737704918,0.8214285714285714,0.8214285714285714,0.8214285714285714,0.9177489177489179,"age, sex, cp, restecg, thalach, exang, oldpeak, slope, ca, thal"
ANOVA,10,Random Forest,4,0.8,0.7777777777777778,0.7777777777777778,0.7777777777777778,0.8877665544332211,"age, sex, cp, restecg, thalach, exang, oldpeak, slope, ca, thal"
ANOVA,10,Random Forest,5,0.85,0.9130434782608695,0.75,0.8235294117647058,0.9112723214285714,"age, sex, cp, restecg, thalach, exang, oldpeak, slope, ca, thal"
ANOVA,10,XGBoost,1,0.7868852459016393,0.8,0.7142857142857143,0.7547169811320755,0.908008658008658,"age, sex, cp, trestbps, thalach, exang, oldpeak, slope, ca, thal"
ANOVA,10,XGBoost,2,0.8032786885245902,0.8076923076923077,0.75,0.7777777777777778,0.8755411255411255,"age, sex, cp, restecg, thalach, exang, oldpeak, slope, ca, thal"
ANOVA,10,XGBoost,3,0.819672131147541,0.8148148148148148,0.7857142857142857,0.8,0.9058441558441558,"age, sex, cp, restecg, thalach, exang, oldpeak, slope, ca, thal"
ANOVA,10,XGBoost,4,0.8,0.8260869565217391,0.7037037037037037,0.76,0.8675645342312008,"age, sex, cp, restecg, thalach, exang, oldpeak, slope, ca, thal"
ANOVA,10,XGBoost,5,0.8166666666666667,0.84,0.75,0.7924528301886793,0.9084821428571428,"age, sex, cp, restecg, thalach, exang, oldpeak, slope, ca, thal"
ANOVA,13,Logistic Regression,1,0.9180327868852459,0.896551724137931,0.9285714285714286,0.9122807017543859,0.9372294372294372,"age, sex, cp, trestbps, chol, fbs, restecg, thalach, exang, oldpeak, slope, ca, thal"
ANOVA,13,Logistic Regression,2,0.819672131147541,0.8148148148148148,0.7857142857142857,0.8,0.882034632034632,"age, sex, cp, trestbps, chol, fbs, restecg, thalach, exang, oldpeak, slope, ca, thal"
ANOVA,13,Logistic Regression,3,0.7868852459016393,0.7777777777777778,0.75,0.7636363636363637,0.9123376623376623,"age, sex, cp, trestbps, chol, fbs, restecg, thalach, exang, oldpeak, slope, ca, thal"
ANOVA,13,Logistic Regression,4,0.7833333333333333,0.75,0.7777777777777778,0.7636363636363637,0.9180695847362513,"age, sex, cp, trestbps, chol, fbs, restecg, thalach, exang, oldpeak, slope, ca, thal"
ANOVA,13,Logistic Regression,5,0.85,0.9130434782608695,0.75,0.8235294117647058,0.9084821428571428,"age, sex, cp, trestbps, chol, fbs, restecg, thalach, exang, oldpeak, slope, ca, thal"
ANOVA,13,Random Forest,1,0.8688524590163934,0.8846153846153846,0.8214285714285714,0.8518518518518519,0.9480519480519481,"age, sex, cp, trestbps, chol, fbs, restecg, thalach, exang, oldpeak, slope, ca, thal"
ANOVA,13,Random Forest,2,0.7868852459016393,0.7777777777777778,0.75,0.7636363636363637,0.8787878787878789,"age, sex, cp, trestbps, chol, fbs, restecg, thalach, exang, oldpeak, slope, ca, thal"
ANOVA,13,Random Forest,3,0.819672131147541,0.8148148148148148,0.7857142857142857,0.8,0.9074675324675324,"age, sex, cp, trestbps, chol, fbs, restecg, thalach, exang, oldpeak, slope, ca, thal"
ANOVA,13,Random Forest,4,0.7833333333333333,0.7692307692307693,0.7407407407407407,0.7547169811320755,0.8973063973063973,"age, sex, cp, trestbps, chol, fbs, restecg, thalach, exang, oldpeak, slope, ca, thal"
ANOVA,13,Random Forest,5,0.85,0.9130434782608695,0.75,0.8235294117647058,0.9202008928571429,"age, sex, cp, trestbps, chol, fbs, restecg, thalach, exang, oldpeak, slope, ca, thal"
ANOVA,13,XGBoost,1,0.8360655737704918,0.8461538461538461,0.7857142857142857,0.8148148148148148,0.9199134199134199,"age, sex, cp, trestbps, chol, fbs, restecg, thalach, exang, oldpeak, slope, ca, thal"
ANOVA,13,XGBoost,2,0.8032786885245902,0.7666666666666667,0.8214285714285714,0.7931034482758621,0.8668831168831169,"age, sex, cp, trestbps, chol, fbs, restecg, thalach, exang, oldpeak, slope, ca, thal"
ANOVA,13,XGBoost,3,0.8360655737704918,0.8214285714285714,0.8214285714285714,0.8214285714285714,0.8971861471861472,"age, sex, cp, trestbps, chol, fbs, restecg, thalach, exang, oldpeak, slope, ca, thal"
ANOVA,13,XGBoost,4,0.8333333333333334,0.84,0.7777777777777778,0.8076923076923077,0.8877665544332211,"age, sex, cp, trestbps, chol, fbs, restecg, thalach, exang, oldpeak, slope, ca, thal"
ANOVA,13,XGBoost,5,0.8333333333333334,0.9090909090909091,0.7142857142857143,0.8,0.8872767857142858,"age, sex, cp, trestbps, chol, fbs, restecg, thalach, exang, oldpeak, slope, ca, thal"
DODA,5,Logistic Regression,1,0.8852459016393442,0.8620689655172413,0.8928571428571429,0.8771929824561403,0.9312770562770563,"thal, exang, ca, oldpeak, cp"
DODA,5,Logistic Regression,2,0.819672131147541,0.8695652173913043,0.7142857142857143,0.7843137254901961,0.8820346320346321,"thal, ca, oldpeak, exang, thalach"
DODA,5,Logistic Regression,3,0.8360655737704918,0.8461538461538461,0.7857142857142857,0.8148148148148148,0.9155844155844156,"thal, ca, cp, exang, oldpeak"
DODA,5,Logistic Regression,4,0.7833333333333333,0.7692307692307693,0.7407407407407407,0.7547169811320755,0.8911335578002244,"thal, ca, oldpeak, exang, cp"
DODA,5,Logistic Regression,5,0.8333333333333334,0.875,0.75,0.8076923076923077,0.8571428571428571,"thal, ca, cp, exang, thalach"
DODA,5,Random Forest,1,0.819672131147541,0.8695652173913043,0.7142857142857143,0.7843137254901961,0.9128787878787878,"thal, exang, ca, oldpeak, cp"
DODA,5,Random Forest,2,0.7868852459016393,0.7777777777777778,0.75,0.7636363636363637,0.8327922077922079,"thal, ca, oldpeak, exang, thalach"
DODA,5,Random Forest,3,0.819672131147541,0.7741935483870968,0.8571428571428571,0.8135593220338984,0.9058441558441559,"thal, ca, cp, exang, oldpeak"
DODA,5,Random Forest,4,0.7666666666666667,0.7407407407407407,0.7407407407407407,0.7407407407407407,0.8597081930415263,"thal, ca, oldpeak, exang, cp"
DODA,5,Random Forest,5,0.75,0.782608695652174,0.6428571428571429,0.7058823529411765,0.8420758928571428,"thal, ca, cp, exang, thalach"
DODA,5,XGBoost,1,0.819672131147541,0.8695652173913043,0.7142857142857143,0.7843137254901961,0.8988095238095238,"thal, exang, ca, oldpeak, cp"
DODA,5,XGBoost,2,0.7868852459016393,0.8,0.7142857142857143,0.7547169811320755,0.8593073593073594,"thal, ca, oldpeak, exang, thalach"
DODA,5,XGBoost,3,0.8360655737704918,0.8214285714285714,0.8214285714285714,0.8214285714285714,0.908008658008658,"thal, ca, cp, exang, oldpeak"
DODA,5,XGBoost,4,0.75,0.7142857142857143,0.7407407407407407,0.7272727272727273,0.8473625140291807,"thal, ca, oldpeak, exang, cp"
DODA,5,XGBoost,5,0.7666666666666667,0.7692307692307693,0.7142857142857143,0.7407407407407407,0.8482142857142857,"thal, ca, cp, exang, thalach"
DODA,8,Logistic Regression,1,0.8852459016393442,0.8620689655172413,0.8928571428571429,0.8771929824561403,0.9404761904761905,"thal, exang, ca, oldpeak, cp, slope, thalach, age"
DODA,8,Logistic Regression,2,0.819672131147541,0.8695652173913043,0.7142857142857143,0.7843137254901961,0.8993506493506493,"thal, ca, oldpeak, exang, thalach, cp, slope, age"
DODA,8,Logistic Regression,3,0.8360655737704918,0.875,0.75,0.8076923076923077,0.9025974025974026,"thal, ca, cp, exang, oldpeak, slope, thalach, age"
DODA,8,Logistic Regression,4,0.7833333333333333,0.7692307692307693,0.7407407407407407,0.7547169811320755,0.8900112233445566,"thal, ca, oldpeak, exang, cp, thalach, slope, age"
DODA,8,Logistic Regression,5,0.85,0.88,0.7857142857142857,0.8301886792452831,0.8694196428571428,"thal, ca, cp, exang, thalach, oldpeak, slope, age"
DODA,8,Random Forest,1,0.8524590163934426,0.8518518518518519,0.8214285714285714,0.8363636363636363,0.9366883116883118,"thal, exang, ca, oldpeak, cp, slope, thalach, age"
DODA,8,Random Forest,2,0.8524590163934426,0.8518518518518519,0.8214285714285714,0.8363636363636363,0.8933982683982684,"thal, ca, oldpeak, exang, thalach, cp, slope, age"
DODA,8,Random Forest,3,0.819672131147541,0.8148148148148148,0.7857142857142857,0.8,0.9101731601731601,"thal, ca, cp, exang, oldpeak, slope, thalach, age"
DODA,8,Random Forest,4,0.7833333333333333,0.8181818181818182,0.6666666666666666,0.7346938775510204,0.8945005611672279,"thal, ca, oldpeak, exang, cp, thalach, slope, age"
DODA,8,Random Forest,5,0.85,0.9130434782608695,0.75,0.8235294117647058,0.8850446428571428,"thal, ca, cp, exang, thalach, oldpeak, slope, age"
DODA,8,XGBoost,1,0.7868852459016393,0.8,0.7142857142857143,0.7547169811320755,0.9047619047619048,"thal, exang, ca, oldpeak, cp, slope, thalach, age"
DODA,8,XGBoost,2,0.819672131147541,0.7741935483870968,0.8571428571428571,0.8135593220338984,0.8690476190476191,"thal, ca, oldpeak, exang, thalach, cp, slope, age"
DODA,8,XGBoost,3,0.8360655737704918,0.8,0.8571428571428571,0.8275862068965517,0.8982683982683982,"thal, ca, cp, exang, oldpeak, slope, thalach, age"
DODA,8,XGBoost,4,0.7333333333333333,0.72,0.6666666666666666,0.6923076923076923,0.8574635241301907,"thal, ca, oldpeak, exang, cp, thalach, slope, age"
DODA,8,XGBoost,5,0.75,0.782608695652174,0.6428571428571429,0.7058823529411765,0.875,"thal, ca, cp, exang, thalach, oldpeak, slope, age"
DODA,10,Logistic Regression,1,0.8688524590163934,0.8125,0.9285714285714286,0.8666666666666667,0.9415584415584416,"thal, exang, ca, oldpeak, cp, slope, thalach, age, trestbps, sex"
DODA,10,Logistic Regression,2,0.8360655737704918,0.875,0.75,0.8076923076923077,0.8852813852813852,"thal, ca, oldpeak, exang, thalach, cp, slope, age, sex, trestbps"
DODA,10,Logistic Regression,3,0.8360655737704918,0.8461538461538461,0.7857142857142857,0.8148148148148148,0.9231601731601731,"thal, ca, cp, exang, oldpeak, slope, thalach, age, sex, trestbps"
DODA,10,Logistic Regression,4,0.8166666666666667,0.8076923076923077,0.7777777777777778,0.7924528301886793,0.9090909090909092,"thal, ca, oldpeak, exang, cp, thalach, slope, age, sex, trestbps"
DODA,10,Logistic Regression,5,0.85,0.9130434782608695,0.75,0.8235294117647058,0.890625,"thal, ca, cp, exang, thalach, oldpeak, slope, age, sex, trestbps"
DODA,10,Random Forest,1,0.8524590163934426,0.8275862068965517,0.8571428571428571,0.8421052631578947,0.9464285714285714,"thal, exang, ca, oldpeak, cp, slope, thalach, age, trestbps, sex"
DODA,10,Random Forest,2,0.8032786885245902,0.7857142857142857,0.7857142857142857,0.7857142857142857,0.8755411255411255,"thal, ca, oldpeak, exang, thalach, cp, slope, age, sex, trestbps"
DODA,10,Random Forest,3,0.8360655737704918,0.8214285714285714,0.8214285714285714,0.8214285714285714,0.9231601731601733,"thal, ca, cp, exang, oldpeak, slope, thalach, age, sex, trestbps"
DODA,10,Random Forest,4,0.8166666666666667,0.8333333333333334,0.7407407407407407,0.7843137254901961,0.8978675645342312,"thal, ca, oldpeak, exang, cp, thalach, slope, age, sex, trestbps"
DODA,10,Random Forest,5,0.85,0.9130434782608695,0.75,0.8235294117647058,0.8995535714285715,"thal, ca, cp, exang, thalach, oldpeak, slope, age, sex, trestbps"
DODA,10,XGBoost,1,0.7868852459016393,0.8,0.7142857142857143,0.7547169811320755,0.9090909090909091,"thal, exang, ca, oldpeak, cp, slope, thalach, age, trestbps, sex"
DODA,10,XGBoost,2,0.819672131147541,0.7931034482758621,0.8214285714285714,0.8070175438596491,0.8658008658008658,"thal, ca, oldpeak, exang, thalach, cp, slope, age, sex, trestbps"
DODA,10,XGBoost,3,0.8688524590163934,0.8333333333333334,0.8928571428571429,0.8620689655172413,0.9145021645021646,"thal, ca, cp, exang, oldpeak, slope, thalach, age, sex, trestbps"
DODA,10,XGBoost,4,0.7833333333333333,0.7916666666666666,0.7037037037037037,0.7450980392156863,0.8754208754208754,"thal, ca, oldpeak, exang, cp, thalach, slope, age, sex, trestbps"
DODA,10,XGBoost,5,0.8333333333333334,0.875,0.75,0.8076923076923077,0.8861607142857143,"thal, ca, cp, exang, thalach, oldpeak, slope, age, sex, trestbps"
DODA,13,Logistic Regression,1,0.9180327868852459,0.896551724137931,0.9285714285714286,0.9122807017543859,0.9372294372294372,"thal, exang, ca, oldpeak, cp, slope, thalach, age, trestbps, sex, restecg, chol, fbs"
DODA,13,Logistic Regression,2,0.819672131147541,0.8148148148148148,0.7857142857142857,0.8,0.882034632034632,"thal, ca, oldpeak, exang, thalach, cp, slope, age, sex, trestbps, restecg, chol, fbs"
DODA,13,Logistic Regression,3,0.7868852459016393,0.7777777777777778,0.75,0.7636363636363637,0.9123376623376623,"thal, ca, cp, exang, oldpeak, slope, thalach, age, sex, trestbps, restecg, chol, fbs"
DODA,13,Logistic Regression,4,0.7833333333333333,0.75,0.7777777777777778,0.7636363636363637,0.9180695847362513,"thal, ca, oldpeak, exang, cp, thalach, slope, age, sex, trestbps, restecg, chol, fbs"
DODA,13,Logistic Regression,5,0.85,0.9130434782608695,0.75,0.8235294117647058,0.9084821428571428,"thal, ca, cp, exang, thalach, oldpeak, slope, age, sex, trestbps, restecg, chol, fbs"
DODA,13,Random Forest,1,0.8852459016393442,0.8888888888888888,0.8571428571428571,0.8727272727272727,0.9502164502164502,"thal, exang, ca, oldpeak, cp, slope, thalach, age, trestbps, sex, restecg, chol, fbs"
DODA,13,Random Forest,2,0.8032786885245902,0.7857142857142857,0.7857142857142857,0.7857142857142857,0.8744588744588746,"thal, ca, oldpeak, exang, thalach, cp, slope, age, sex, trestbps, restecg, chol, fbs"
DODA,13,Random Forest,3,0.8360655737704918,0.8214285714285714,0.8214285714285714,0.8214285714285714,0.9042207792207793,"thal, ca, cp, exang, oldpeak, slope, thalach, age, sex, trestbps, restecg, chol, fbs"
DODA,13,Random Forest,4,0.8333333333333334,0.84,0.7777777777777778,0.8076923076923077,0.9057239057239057,"thal, ca, oldpeak, exang, cp, thalach, slope, age, sex, trestbps, restecg, chol, fbs"
DODA,13,Random Forest,5,0.85,0.9130434782608695,0.75,0.8235294117647058,0.8973214285714286,"thal, ca, cp, exang, thalach, oldpeak, slope, age, sex, trestbps, restecg, chol, fbs"
DODA,13,XGBoost,1,0.8360655737704918,0.8461538461538461,0.7857142857142857,0.8148148148148148,0.922077922077922,"thal, exang, ca, oldpeak, cp, slope, thalach, age, trestbps, sex, restecg, chol, fbs"
DODA,13,XGBoost,2,0.7868852459016393,0.7419354838709677,0.8214285714285714,0.7796610169491526,0.8701298701298701,"thal, ca, oldpeak, exang, thalach, cp, slope, age, sex, trestbps, restecg, chol, fbs"
DODA,13,XGBoost,3,0.8360655737704918,0.8461538461538461,0.7857142857142857,0.8148148148148148,0.906926406926407,"thal, ca, cp, exang, oldpeak, slope, thalach, age, sex, trestbps, restecg, chol, fbs"
DODA,13,XGBoost,4,0.8333333333333334,0.8695652173913043,0.7407407407407407,0.8,0.8967452300785633,"thal, ca, oldpeak, exang, cp, thalach, slope, age, sex, trestbps, restecg, chol, fbs"
DODA,13,XGBoost,5,0.8333333333333334,0.9090909090909091,0.7142857142857143,0.8,0.8861607142857142,"thal, ca, cp, exang, thalach, oldpeak, slope, age, sex, trestbps, restecg, chol, fbs"
