Run,Top_K,Method,Model,Accuracy,F1,ROC_AUC
1,5,LASSO,LR,0.9875,0.98989898989899,0.9986666666666667
1,5,LASSO,RF,0.975,0.98,0.994
1,5,LASSO,XGB,0.9625,0.9696969696969697,0.9913333333333332
1,5,DODA,LR,0.9875,0.98989898989899,0.9986666666666667
1,5,DODA,RF,0.975,0.98,0.9953333333333333
1,5,DODA,XGB,0.9625,0.9696969696969697,0.9933333333333333
1,10,LASSO,LR,0.975,0.98,0.9973333333333333
1,10,LASSO,RF,0.975,0.98,0.998
1,10,LASSO,XGB,0.95,0.9607843137254902,0.992
1,10,DODA,LR,0.9375,0.9484536082474226,0.9973333333333333
1,10,DODA,RF,0.975,0.98,0.9966666666666667
1,10,DODA,XGB,0.95,0.9607843137254902,0.992
1,15,LASSO,LR,0.9875,0.98989898989899,0.9993333333333333
1,15,LASSO,RF,0.9875,0.9900990099009901,1.0
1,15,LASSO,XGB,0.9875,0.9900990099009901,0.9986666666666667
1,15,DODA,LR,0.975,0.9795918367346939,0.9986666666666667
1,15,DODA,RF,0.9875,0.9900990099009901,0.998
1,15,DODA,XGB,0.975,0.98,0.9926666666666667
1,20,LASSO,LR,0.9875,0.98989898989899,0.9993333333333333
1,20,LASSO,RF,0.9875,0.9900990099009901,1.0
1,20,LASSO,XGB,0.975,0.98,0.9986666666666667
1,20,DODA,LR,1.0,1.0,1.0
1,20,DODA,RF,0.9875,0.9900990099009901,1.0
1,20,DODA,XGB,0.9875,0.9900990099009901,0.9986666666666667
2,5,LASSO,LR,0.9875,0.98989898989899,0.9946666666666667
2,5,LASSO,RF,0.975,0.9795918367346939,0.9836666666666667
2,5,LASSO,XGB,0.9625,0.9690721649484536,0.9933333333333333
2,5,DODA,LR,0.9875,0.98989898989899,0.9946666666666667
2,5,DODA,RF,0.975,0.9795918367346939,0.9879999999999999
2,5,DODA,XGB,0.9625,0.9690721649484536,0.994
2,10,LASSO,LR,0.9875,0.98989898989899,1.0
2,10,LASSO,RF,1.0,1.0,1.0
2,10,LASSO,XGB,1.0,1.0,1.0
2,10,DODA,LR,0.9875,0.98989898989899,1.0
2,10,DODA,RF,1.0,1.0,1.0
2,10,DODA,XGB,1.0,1.0,1.0
2,15,LASSO,LR,1.0,1.0,1.0
2,15,LASSO,RF,1.0,1.0,1.0
2,15,LASSO,XGB,1.0,1.0,1.0
2,15,DODA,LR,0.9875,0.98989898989899,1.0
2,15,DODA,RF,1.0,1.0,1.0
2,15,DODA,XGB,1.0,1.0,1.0
2,20,LASSO,LR,0.975,0.9795918367346939,1.0
2,20,LASSO,RF,1.0,1.0,1.0
2,20,LASSO,XGB,1.0,1.0,1.0
2,20,DODA,LR,0.9875,0.98989898989899,1.0
2,20,DODA,RF,1.0,1.0,1.0
2,20,DODA,XGB,1.0,1.0,1.0
3,5,LASSO,LR,0.9125,0.9278350515463918,0.9793333333333334
3,5,LASSO,RF,0.95,0.9591836734693877,0.996
3,5,LASSO,XGB,0.925,0.9387755102040817,0.9906666666666667
3,5,DODA,LR,0.9125,0.9278350515463918,0.9793333333333334
3,5,DODA,RF,0.95,0.9583333333333334,0.996
3,5,DODA,XGB,0.925,0.9387755102040817,0.992
3,10,LASSO,LR,0.9375,0.9473684210526315,0.9826666666666667
3,10,LASSO,RF,0.95,0.9591836734693877,0.996
3,10,LASSO,XGB,0.975,0.9795918367346939,0.9946666666666667
3,10,DODA,LR,0.9625,0.9690721649484536,0.9866666666666667
3,10,DODA,RF,0.9625,0.9696969696969697,0.998
3,10,DODA,XGB,0.9625,0.9696969696969697,0.998
3,15,LASSO,LR,0.95,0.9583333333333334,0.998
3,15,LASSO,RF,0.975,0.9795918367346939,0.9993333333333334
3,15,LASSO,XGB,0.975,0.9795918367346939,0.9946666666666667
3,15,DODA,LR,0.95,0.9583333333333334,0.9846666666666667
3,15,DODA,RF,0.975,0.9795918367346939,0.9993333333333333
3,15,DODA,XGB,0.975,0.9795918367346939,0.996
3,20,LASSO,LR,0.9625,0.9690721649484536,1.0
3,20,LASSO,RF,0.9875,0.98989898989899,0.9993333333333334
3,20,LASSO,XGB,0.975,0.9795918367346939,0.9946666666666667
3,20,DODA,LR,0.975,0.9795918367346939,0.9993333333333333
3,20,DODA,RF,0.9875,0.98989898989899,0.9993333333333333
3,20,DODA,XGB,0.975,0.9795918367346939,0.9946666666666667
4,5,LASSO,LR,0.9375,0.9504950495049505,0.992
4,5,LASSO,RF,0.975,0.98,0.9956666666666667
4,5,LASSO,XGB,0.9625,0.9702970297029703,0.994
4,5,DODA,LR,0.9375,0.9504950495049505,0.992
4,5,DODA,RF,0.975,0.98,0.996
4,5,DODA,XGB,0.9625,0.9702970297029703,0.9946666666666667
4,10,LASSO,LR,0.9375,0.9504950495049505,0.9933333333333334
4,10,LASSO,RF,0.975,0.9803921568627451,0.996
4,10,LASSO,XGB,0.9625,0.970873786407767,0.998
4,10,DODA,LR,0.9625,0.9702970297029703,0.996
4,10,DODA,RF,0.975,0.9803921568627451,0.9973333333333333
4,10,DODA,XGB,0.9625,0.9702970297029703,0.998
4,15,LASSO,LR,0.9875,0.9900990099009901,1.0
4,15,LASSO,RF,0.975,0.9803921568627451,0.9993333333333334
4,15,LASSO,XGB,0.9625,0.9696969696969697,0.998
4,15,DODA,LR,0.975,0.98,0.9973333333333334
4,15,DODA,RF,0.975,0.9803921568627451,0.9986666666666667
4,15,DODA,XGB,0.9625,0.970873786407767,0.9966666666666667
4,20,LASSO,LR,1.0,1.0,1.0
4,20,LASSO,RF,0.975,0.9803921568627451,1.0
4,20,LASSO,XGB,0.975,0.9803921568627451,0.998
4,20,DODA,LR,1.0,1.0,1.0
4,20,DODA,RF,0.975,0.9803921568627451,1.0
4,20,DODA,XGB,0.9625,0.9702970297029703,0.9973333333333334
5,5,LASSO,LR,0.9625,0.9690721649484536,0.9873333333333333
5,5,LASSO,RF,0.975,0.9795918367346939,0.9840000000000002
5,5,LASSO,XGB,0.9625,0.9696969696969697,0.9806666666666666
5,5,DODA,LR,0.9625,0.9690721649484536,0.9873333333333333
5,5,DODA,RF,0.975,0.9795918367346939,0.9823333333333333
5,5,DODA,XGB,0.9625,0.9696969696969697,0.9813333333333334
5,10,LASSO,LR,0.9625,0.9690721649484536,0.994
5,10,LASSO,RF,1.0,1.0,1.0
5,10,LASSO,XGB,0.9875,0.98989898989899,0.9993333333333333
5,10,DODA,LR,0.9875,0.98989898989899,0.9946666666666667
5,10,DODA,RF,1.0,1.0,1.0
5,10,DODA,XGB,0.9875,0.98989898989899,1.0
5,15,LASSO,LR,0.9875,0.98989898989899,0.9993333333333333
5,15,LASSO,RF,1.0,1.0,1.0
5,15,LASSO,XGB,1.0,1.0,1.0
5,15,DODA,LR,0.9875,0.98989898989899,0.9993333333333333
5,15,DODA,RF,1.0,1.0,1.0
5,15,DODA,XGB,0.9875,0.98989898989899,1.0
5,20,LASSO,LR,1.0,1.0,1.0
5,20,LASSO,RF,1.0,1.0,1.0
5,20,LASSO,XGB,1.0,1.0,1.0
5,20,DODA,LR,1.0,1.0,1.0
5,20,DODA,RF,1.0,1.0,1.0
5,20,DODA,XGB,1.0,1.0,1.0
6,5,LASSO,LR,0.9375,0.9484536082474226,0.988
6,5,LASSO,RF,0.9375,0.9473684210526315,0.986
6,5,LASSO,XGB,0.9375,0.9473684210526315,0.98
6,5,DODA,LR,0.9375,0.9484536082474226,0.988
6,5,DODA,RF,0.9375,0.9473684210526315,0.9860000000000001
6,5,DODA,XGB,0.9375,0.9473684210526315,0.98
6,10,LASSO,LR,0.9625,0.9696969696969697,0.998
6,10,LASSO,RF,0.9875,0.98989898989899,1.0
6,10,LASSO,XGB,0.975,0.9795918367346939,0.9986666666666667
6,10,DODA,LR,0.95,0.9591836734693877,0.998
6,10,DODA,RF,0.9875,0.98989898989899,1.0
6,10,DODA,XGB,0.975,0.9795918367346939,0.9986666666666667
6,15,LASSO,LR,0.9875,0.98989898989899,0.9993333333333333
6,15,LASSO,RF,0.9875,0.98989898989899,1.0
6,15,LASSO,XGB,0.9875,0.98989898989899,1.0
6,15,DODA,LR,0.975,0.9795918367346939,0.9986666666666667
6,15,DODA,RF,0.975,0.9795918367346939,1.0
6,15,DODA,XGB,1.0,1.0,1.0
6,20,LASSO,LR,0.9875,0.98989898989899,0.9993333333333333
6,20,LASSO,RF,0.9875,0.98989898989899,1.0
6,20,LASSO,XGB,0.9875,0.98989898989899,0.9993333333333333
6,20,DODA,LR,0.9875,0.98989898989899,0.9993333333333333
6,20,DODA,RF,0.9875,0.98989898989899,1.0
6,20,DODA,XGB,0.9875,0.98989898989899,0.9993333333333333
7,5,LASSO,LR,0.9375,0.9484536082474226,0.9833333333333334
7,5,LASSO,RF,0.975,0.9795918367346939,0.9993333333333334
7,5,LASSO,XGB,0.9625,0.9696969696969697,0.9973333333333333
7,5,DODA,LR,0.9375,0.9484536082474226,0.9833333333333334
7,5,DODA,RF,0.975,0.9795918367346939,0.9986666666666667
7,5,DODA,XGB,0.9625,0.9696969696969697,0.9973333333333333
7,10,LASSO,LR,0.9375,0.9473684210526315,0.982
7,10,LASSO,RF,0.9875,0.98989898989899,0.9993333333333333
7,10,LASSO,XGB,0.975,0.98,0.9986666666666667
7,10,DODA,LR,0.9625,0.9690721649484536,0.9820000000000001
7,10,DODA,RF,0.9875,0.98989898989899,0.9993333333333334
7,10,DODA,XGB,0.9875,0.98989898989899,0.998
7,15,LASSO,LR,0.975,0.9795918367346939,0.9986666666666667
7,15,LASSO,RF,1.0,1.0,1.0
7,15,LASSO,XGB,1.0,1.0,1.0
7,15,DODA,LR,0.975,0.9795918367346939,0.9833333333333334
7,15,DODA,RF,0.9875,0.98989898989899,0.9993333333333333
7,15,DODA,XGB,0.9875,0.98989898989899,1.0
7,20,LASSO,LR,0.9875,0.98989898989899,1.0
7,20,LASSO,RF,1.0,1.0,1.0
7,20,LASSO,XGB,1.0,1.0,1.0
7,20,DODA,LR,0.9875,0.98989898989899,1.0
7,20,DODA,RF,1.0,1.0,1.0
7,20,DODA,XGB,1.0,1.0,1.0
8,5,LASSO,LR,0.9625,0.9690721649484536,0.998
8,5,LASSO,RF,0.9625,0.9696969696969697,0.986
8,5,LASSO,XGB,0.95,0.96,0.984
8,5,DODA,LR,0.9625,0.9690721649484536,0.998
8,5,DODA,RF,0.9625,0.9696969696969697,0.985
8,5,DODA,XGB,0.95,0.96,0.9826666666666667
8,10,LASSO,LR,0.95,0.9591836734693877,0.9973333333333333
8,10,LASSO,RF,0.975,0.98,0.998
8,10,LASSO,XGB,0.975,0.98,0.9973333333333333
8,10,DODA,LR,0.9625,0.9696969696969697,0.9986666666666667
8,10,DODA,RF,0.975,0.98,0.9986666666666667
8,10,DODA,XGB,0.9875,0.9900990099009901,0.9966666666666667
8,15,LASSO,LR,0.975,0.9795918367346939,0.9986666666666667
8,15,LASSO,RF,0.975,0.98,0.9993333333333334
8,15,LASSO,XGB,0.975,0.98,0.996
8,15,DODA,LR,0.9875,0.98989898989899,0.9993333333333333
8,15,DODA,RF,0.9875,0.9900990099009901,0.9993333333333334
8,15,DODA,XGB,0.9875,0.9900990099009901,0.994
8,20,LASSO,LR,0.975,0.9795918367346939,0.9986666666666667
8,20,LASSO,RF,0.9875,0.9900990099009901,1.0
8,20,LASSO,XGB,0.975,0.98,0.996
8,20,DODA,LR,0.9875,0.98989898989899,1.0
8,20,DODA,RF,0.9875,0.9900990099009901,0.9993333333333334
8,20,DODA,XGB,0.975,0.98,0.9953333333333334
9,5,LASSO,LR,0.9875,0.98989898989899,0.9846666666666667
9,5,LASSO,RF,0.9875,0.98989898989899,0.985
9,5,LASSO,XGB,0.9875,0.98989898989899,0.981
9,5,DODA,LR,0.9875,0.98989898989899,0.9846666666666667
9,5,DODA,RF,0.9875,0.98989898989899,0.9843333333333333
9,5,DODA,XGB,0.9875,0.98989898989899,0.981
9,10,LASSO,LR,0.9875,0.98989898989899,0.9953333333333333
9,10,LASSO,RF,1.0,1.0,1.0
9,10,LASSO,XGB,0.9875,0.98989898989899,1.0
9,10,DODA,LR,0.9875,0.98989898989899,0.994
9,10,DODA,RF,1.0,1.0,1.0
9,10,DODA,XGB,0.9875,0.98989898989899,1.0
9,15,LASSO,LR,1.0,1.0,1.0
9,15,LASSO,RF,1.0,1.0,1.0
9,15,LASSO,XGB,1.0,1.0,1.0
9,15,DODA,LR,0.9875,0.98989898989899,1.0
9,15,DODA,RF,1.0,1.0,1.0
9,15,DODA,XGB,1.0,1.0,1.0
9,20,LASSO,LR,1.0,1.0,1.0
9,20,LASSO,RF,1.0,1.0,1.0
9,20,LASSO,XGB,1.0,1.0,1.0
9,20,DODA,LR,1.0,1.0,1.0
9,20,DODA,RF,1.0,1.0,1.0
9,20,DODA,XGB,1.0,1.0,1.0
10,5,LASSO,LR,0.9375,0.9504950495049505,0.9886666666666667
10,5,LASSO,RF,0.9625,0.9702970297029703,0.9980000000000001
10,5,LASSO,XGB,0.9625,0.9702970297029703,0.9966666666666667
10,5,DODA,LR,0.9375,0.9504950495049505,0.9886666666666667
10,5,DODA,RF,0.9625,0.9702970297029703,0.998
10,5,DODA,XGB,0.9625,0.9702970297029703,0.9966666666666667
10,10,LASSO,LR,0.9125,0.9263157894736842,0.9906666666666667
10,10,LASSO,RF,0.9625,0.9702970297029703,0.9973333333333333
10,10,LASSO,XGB,0.95,0.96,0.9973333333333334
10,10,DODA,LR,0.9375,0.9484536082474226,0.9933333333333334
10,10,DODA,RF,0.975,0.98,0.9993333333333333
10,10,DODA,XGB,0.95,0.96,0.9973333333333334
10,15,LASSO,LR,0.975,0.9795918367346939,0.998
10,15,LASSO,RF,0.9875,0.9900990099009901,1.0
10,15,LASSO,XGB,0.9875,0.9900990099009901,1.0
10,15,DODA,LR,0.95,0.9583333333333334,0.9973333333333334
10,15,DODA,RF,0.9625,0.9702970297029703,0.998
10,15,DODA,XGB,0.95,0.96,0.9973333333333334
10,20,LASSO,LR,0.975,0.9795918367346939,0.9986666666666667
10,20,LASSO,RF,0.975,0.9803921568627451,0.9993333333333333
10,20,LASSO,XGB,0.975,0.9803921568627451,1.0
10,20,DODA,LR,1.0,1.0,1.0
10,20,DODA,RF,0.9875,0.9900990099009901,1.0
10,20,DODA,XGB,0.975,0.9803921568627451,1.0
11,5,LASSO,LR,0.9625,0.9696969696969697,0.9973333333333333
11,5,LASSO,RF,1.0,1.0,1.0
11,5,LASSO,XGB,1.0,1.0,1.0
11,5,DODA,LR,0.9625,0.9696969696969697,0.9973333333333333
11,5,DODA,RF,1.0,1.0,1.0
11,5,DODA,XGB,1.0,1.0,1.0
11,10,LASSO,LR,0.95,0.9591836734693877,0.996
11,10,LASSO,RF,1.0,1.0,1.0
11,10,LASSO,XGB,1.0,1.0,1.0
11,10,DODA,LR,0.975,0.98,0.9973333333333334
11,10,DODA,RF,1.0,1.0,1.0
11,10,DODA,XGB,1.0,1.0,1.0
11,15,LASSO,LR,0.975,0.9795918367346939,0.9993333333333333
11,15,LASSO,RF,1.0,1.0,1.0
11,15,LASSO,XGB,1.0,1.0,1.0
11,15,DODA,LR,0.975,0.9795918367346939,0.9973333333333334
11,15,DODA,RF,1.0,1.0,1.0
11,15,DODA,XGB,1.0,1.0,1.0
11,20,LASSO,LR,1.0,1.0,1.0
11,20,LASSO,RF,1.0,1.0,1.0
11,20,LASSO,XGB,1.0,1.0,1.0
11,20,DODA,LR,1.0,1.0,1.0
11,20,DODA,RF,1.0,1.0,1.0
11,20,DODA,XGB,1.0,1.0,1.0
12,5,LASSO,LR,0.975,0.98,0.9973333333333334
12,5,LASSO,RF,0.9625,0.9696969696969697,0.9903333333333333
12,5,LASSO,XGB,0.95,0.96,0.9933333333333333
12,5,DODA,LR,0.975,0.98,0.9973333333333334
12,5,DODA,RF,0.9625,0.9696969696969697,0.9909999999999999
12,5,DODA,XGB,0.95,0.96,0.992
12,10,LASSO,LR,0.95,0.9607843137254902,0.9953333333333334
12,10,LASSO,RF,0.9625,0.9702970297029703,0.9986666666666667
12,10,LASSO,XGB,0.975,0.9803921568627451,0.9953333333333334
12,10,DODA,LR,0.95,0.96,0.9946666666666667
12,10,DODA,RF,0.9625,0.9702970297029703,0.9986666666666667
12,10,DODA,XGB,0.975,0.9803921568627451,0.9953333333333334
12,15,LASSO,LR,0.9875,0.98989898989899,0.9986666666666667
12,15,LASSO,RF,1.0,1.0,1.0
12,15,LASSO,XGB,0.975,0.9803921568627451,0.998
12,15,DODA,LR,0.9875,0.98989898989899,0.998
12,15,DODA,RF,0.9875,0.9900990099009901,1.0
12,15,DODA,XGB,0.975,0.9803921568627451,0.9913333333333334
12,20,LASSO,LR,0.9875,0.98989898989899,0.9986666666666667
12,20,LASSO,RF,0.9875,0.9900990099009901,0.9993333333333333
12,20,LASSO,XGB,0.9625,0.9702970297029703,0.9953333333333334
12,20,DODA,LR,0.975,0.9795918367346939,0.9986666666666667
12,20,DODA,RF,0.9875,0.9900990099009901,1.0
12,20,DODA,XGB,0.975,0.9803921568627451,0.996
13,5,LASSO,LR,0.9875,0.9900990099009901,0.9986666666666667
13,5,LASSO,RF,1.0,1.0,1.0
13,5,LASSO,XGB,0.9875,0.9900990099009901,0.9993333333333333
13,5,DODA,LR,0.9875,0.9900990099009901,0.9986666666666667
13,5,DODA,RF,1.0,1.0,1.0
13,5,DODA,XGB,0.975,0.98,0.9993333333333333
13,10,LASSO,LR,1.0,1.0,1.0
13,10,LASSO,RF,1.0,1.0,1.0
13,10,LASSO,XGB,1.0,1.0,1.0
13,10,DODA,LR,0.9875,0.98989898989899,1.0
13,10,DODA,RF,1.0,1.0,1.0
13,10,DODA,XGB,1.0,1.0,1.0
13,15,LASSO,LR,1.0,1.0,1.0
13,15,LASSO,RF,1.0,1.0,1.0
13,15,LASSO,XGB,1.0,1.0,1.0
13,15,DODA,LR,0.9875,0.98989898989899,1.0
13,15,DODA,RF,0.9875,0.98989898989899,1.0
13,15,DODA,XGB,1.0,1.0,1.0
13,20,LASSO,LR,1.0,1.0,1.0
13,20,LASSO,RF,1.0,1.0,1.0
13,20,LASSO,XGB,1.0,1.0,1.0
13,20,DODA,LR,1.0,1.0,1.0
13,20,DODA,RF,1.0,1.0,1.0
13,20,DODA,XGB,1.0,1.0,1.0
14,5,LASSO,LR,0.8875,0.9032258064516129,0.9506666666666667
14,5,LASSO,RF,0.9,0.9148936170212766,0.9630000000000001
14,5,LASSO,XGB,0.9,0.9148936170212766,0.9659999999999999
14,5,DODA,LR,0.8875,0.9032258064516129,0.9506666666666667
14,5,DODA,RF,0.9125,0.9247311827956989,0.9666666666666666
14,5,DODA,XGB,0.9,0.9148936170212766,0.9626666666666667
14,10,LASSO,LR,0.9,0.9148936170212766,0.964
14,10,LASSO,RF,0.95,0.9583333333333334,0.996
14,10,LASSO,XGB,0.95,0.9583333333333334,0.9926666666666667
14,10,DODA,LR,0.9375,0.9473684210526315,0.9813333333333334
14,10,DODA,RF,0.9625,0.9696969696969697,0.9973333333333333
14,10,DODA,XGB,0.9375,0.9473684210526315,0.992
14,15,LASSO,LR,0.95,0.9583333333333334,0.996
14,15,LASSO,RF,0.975,0.9795918367346939,1.0
14,15,LASSO,XGB,0.9625,0.9690721649484536,0.998
14,15,DODA,LR,0.9625,0.9690721649484536,0.9846666666666667
14,15,DODA,RF,0.9875,0.98989898989899,1.0
14,15,DODA,XGB,0.9375,0.9473684210526315,0.9966666666666667
14,20,LASSO,LR,0.9625,0.9690721649484536,1.0
14,20,LASSO,RF,0.9875,0.98989898989899,1.0
14,20,LASSO,XGB,0.975,0.9795918367346939,0.9986666666666667
14,20,DODA,LR,0.975,0.9795918367346939,1.0
14,20,DODA,RF,0.9875,0.98989898989899,1.0
14,20,DODA,XGB,0.975,0.9795918367346939,0.9986666666666667
15,5,LASSO,LR,0.975,0.98,0.9973333333333334
15,5,LASSO,RF,0.9875,0.98989898989899,0.9973333333333333
15,5,LASSO,XGB,0.9625,0.9696969696969697,0.9966666666666667
15,5,DODA,LR,0.975,0.98,0.9973333333333334
15,5,DODA,RF,0.9875,0.98989898989899,0.998
15,5,DODA,XGB,0.9625,0.9696969696969697,0.9966666666666667
15,10,LASSO,LR,1.0,1.0,1.0
15,10,LASSO,RF,0.975,0.98,0.9993333333333333
15,10,LASSO,XGB,0.9875,0.9900990099009901,1.0
15,10,DODA,LR,0.9875,0.98989898989899,1.0
15,10,DODA,RF,0.9875,0.9900990099009901,0.9993333333333334
15,10,DODA,XGB,0.9875,0.9900990099009901,0.9986666666666667
15,15,LASSO,LR,0.9875,0.98989898989899,0.9993333333333333
15,15,LASSO,RF,0.9875,0.9900990099009901,0.9993333333333334
15,15,LASSO,XGB,0.975,0.98,0.9986666666666667
15,15,DODA,LR,0.9875,0.98989898989899,1.0
15,15,DODA,RF,0.9875,0.9900990099009901,1.0
15,15,DODA,XGB,0.9875,0.9900990099009901,0.9986666666666667
15,20,LASSO,LR,0.975,0.9795918367346939,1.0
15,20,LASSO,RF,0.9875,0.9900990099009901,1.0
15,20,LASSO,XGB,0.9875,0.9900990099009901,0.9993333333333333
15,20,DODA,LR,1.0,1.0,1.0
15,20,DODA,RF,0.9875,0.9900990099009901,1.0
15,20,DODA,XGB,0.9875,0.9900990099009901,0.9993333333333333
16,5,LASSO,LR,0.9375,0.9494949494949495,0.9646666666666667
16,5,LASSO,RF,0.95,0.9591836734693877,0.9786666666666667
16,5,LASSO,XGB,0.925,0.9387755102040817,0.9723333333333334
16,5,DODA,LR,0.9375,0.9494949494949495,0.9646666666666667
16,5,DODA,RF,0.9375,0.9484536082474226,0.9786666666666666
16,5,DODA,XGB,0.925,0.9387755102040817,0.9723333333333334
16,10,LASSO,LR,0.9625,0.9696969696969697,0.9753333333333333
16,10,LASSO,RF,0.9625,0.9696969696969697,0.9973333333333333
16,10,LASSO,XGB,0.95,0.9591836734693877,0.9966666666666667
16,10,DODA,LR,0.95,0.9591836734693877,0.9753333333333333
16,10,DODA,RF,0.95,0.9591836734693877,0.997
16,10,DODA,XGB,0.95,0.9591836734693877,0.996
16,15,LASSO,LR,0.9625,0.9696969696969697,0.9966666666666667
16,15,LASSO,RF,1.0,1.0,1.0
16,15,LASSO,XGB,0.9875,0.98989898989899,0.9993333333333333
16,15,DODA,LR,0.9375,0.9484536082474226,0.9833333333333334
16,15,DODA,RF,0.9875,0.98989898989899,0.9993333333333334
16,15,DODA,XGB,0.95,0.9591836734693877,0.9973333333333334
16,20,LASSO,LR,0.975,0.9795918367346939,0.9986666666666667
16,20,LASSO,RF,1.0,1.0,1.0
16,20,LASSO,XGB,0.9875,0.9900990099009901,1.0
16,20,DODA,LR,0.9875,0.98989898989899,0.9993333333333333
16,20,DODA,RF,1.0,1.0,1.0
16,20,DODA,XGB,1.0,1.0,1.0
17,5,LASSO,LR,0.975,0.9795918367346939,0.9926666666666666
17,5,LASSO,RF,0.975,0.9795918367346939,0.988
17,5,LASSO,XGB,0.975,0.9795918367346939,0.9866666666666667
17,5,DODA,LR,0.975,0.9795918367346939,0.9926666666666666
17,5,DODA,RF,0.975,0.9795918367346939,0.988
17,5,DODA,XGB,0.975,0.9795918367346939,0.986
17,10,LASSO,LR,0.975,0.9795918367346939,1.0
17,10,LASSO,RF,0.975,0.9795918367346939,1.0
17,10,LASSO,XGB,0.9875,0.98989898989899,1.0
17,10,DODA,LR,0.9875,0.98989898989899,1.0
17,10,DODA,RF,0.975,0.9795918367346939,1.0
17,10,DODA,XGB,0.975,0.9795918367346939,1.0
17,15,LASSO,LR,0.9875,0.98989898989899,1.0
17,15,LASSO,RF,1.0,1.0,1.0
17,15,LASSO,XGB,1.0,1.0,1.0
17,15,DODA,LR,1.0,1.0,1.0
17,15,DODA,RF,0.9875,0.98989898989899,1.0
17,15,DODA,XGB,0.9875,0.98989898989899,1.0
17,20,LASSO,LR,1.0,1.0,1.0
17,20,LASSO,RF,1.0,1.0,1.0
17,20,LASSO,XGB,1.0,1.0,1.0
17,20,DODA,LR,1.0,1.0,1.0
17,20,DODA,RF,1.0,1.0,1.0
17,20,DODA,XGB,1.0,1.0,1.0
18,5,LASSO,LR,0.95,0.9591836734693877,0.9966666666666667
18,5,LASSO,RF,0.975,0.9795918367346939,0.9993333333333333
18,5,LASSO,XGB,0.9625,0.9696969696969697,0.998
18,5,DODA,LR,0.95,0.9591836734693877,0.9966666666666667
18,5,DODA,RF,0.975,0.9795918367346939,0.9993333333333333
18,5,DODA,XGB,0.9625,0.9696969696969697,0.998
18,10,LASSO,LR,0.9625,0.9690721649484536,0.9966666666666667
18,10,LASSO,RF,0.975,0.98,0.998
18,10,LASSO,XGB,0.9875,0.9900990099009901,0.998
18,10,DODA,LR,0.9625,0.9690721649484536,1.0
18,10,DODA,RF,0.9625,0.9696969696969697,0.9986666666666667
18,10,DODA,XGB,0.9875,0.9900990099009901,1.0
18,15,LASSO,LR,0.975,0.9795918367346939,0.9993333333333333
18,15,LASSO,RF,0.975,0.98,0.9993333333333334
18,15,LASSO,XGB,0.975,0.98,0.9993333333333333
18,15,DODA,LR,0.975,0.9795918367346939,0.9993333333333333
18,15,DODA,RF,0.9625,0.9696969696969697,0.9986666666666666
18,15,DODA,XGB,0.9875,0.9900990099009901,0.998
18,20,LASSO,LR,0.9625,0.9690721649484536,0.9993333333333333
18,20,LASSO,RF,0.975,0.98,0.9993333333333334
18,20,LASSO,XGB,0.975,0.98,0.9993333333333333
18,20,DODA,LR,0.9875,0.98989898989899,1.0
18,20,DODA,RF,0.975,0.98,0.9993333333333334
18,20,DODA,XGB,0.975,0.98,0.9993333333333333
19,5,LASSO,LR,0.95,0.9591836734693877,0.9933333333333334
19,5,LASSO,RF,0.9375,0.9494949494949495,0.996
19,5,LASSO,XGB,0.975,0.98,0.998
19,5,DODA,LR,0.95,0.9591836734693877,0.9933333333333334
19,5,DODA,RF,0.9375,0.9494949494949495,0.996
19,5,DODA,XGB,0.975,0.98,0.998
19,10,LASSO,LR,0.95,0.96,0.9973333333333334
19,10,LASSO,RF,0.9625,0.9696969696969697,0.998
19,10,LASSO,XGB,0.975,0.98,0.9953333333333334
19,10,DODA,LR,0.9625,0.9702970297029703,0.9953333333333334
19,10,DODA,RF,0.975,0.98,0.9973333333333333
19,10,DODA,XGB,0.975,0.98,0.9966666666666667
19,15,LASSO,LR,0.975,0.98,0.998
19,15,LASSO,RF,0.975,0.98,0.9993333333333334
19,15,LASSO,XGB,0.975,0.98,0.996
19,15,DODA,LR,0.9875,0.98989898989899,0.998
19,15,DODA,RF,0.9875,0.9900990099009901,0.9986666666666667
19,15,DODA,XGB,0.9875,0.9900990099009901,0.9953333333333333
19,20,LASSO,LR,0.9875,0.9900990099009901,1.0
19,20,LASSO,RF,0.9875,0.9900990099009901,0.9993333333333334
19,20,LASSO,XGB,0.975,0.98,0.9966666666666667
19,20,DODA,LR,1.0,1.0,1.0
19,20,DODA,RF,0.9875,0.9900990099009901,0.9993333333333333
19,20,DODA,XGB,0.975,0.98,0.9966666666666667
20,5,LASSO,LR,0.9625,0.9696969696969697,0.9973333333333333
20,5,LASSO,RF,0.9875,0.98989898989899,1.0
20,5,LASSO,XGB,0.9875,0.98989898989899,1.0
20,5,DODA,LR,0.9625,0.9696969696969697,0.9973333333333333
20,5,DODA,RF,0.9875,0.98989898989899,1.0
20,5,DODA,XGB,0.9875,0.98989898989899,1.0
20,10,LASSO,LR,0.95,0.9591836734693877,0.998
20,10,LASSO,RF,1.0,1.0,1.0
20,10,LASSO,XGB,1.0,1.0,1.0
20,10,DODA,LR,0.975,0.9795918367346939,0.9993333333333333
20,10,DODA,RF,1.0,1.0,1.0
20,10,DODA,XGB,1.0,1.0,1.0
20,15,LASSO,LR,0.975,0.9795918367346939,1.0
20,15,LASSO,RF,1.0,1.0,1.0
20,15,LASSO,XGB,1.0,1.0,1.0
20,15,DODA,LR,0.9875,0.98989898989899,0.9993333333333333
20,15,DODA,RF,1.0,1.0,1.0
20,15,DODA,XGB,1.0,1.0,1.0
20,20,LASSO,LR,0.975,0.9795918367346939,1.0
20,20,LASSO,RF,1.0,1.0,1.0
20,20,LASSO,XGB,1.0,1.0,1.0
20,20,DODA,LR,0.975,0.9795918367346939,1.0
20,20,DODA,RF,1.0,1.0,1.0
20,20,DODA,XGB,1.0,1.0,1.0
21,5,LASSO,LR,0.95,0.96,0.978
21,5,LASSO,RF,0.9625,0.9690721649484536,0.9806666666666666
21,5,LASSO,XGB,0.95,0.9591836734693877,0.9783333333333334
21,5,DODA,LR,0.95,0.96,0.978
21,5,DODA,RF,0.9625,0.9690721649484536,0.982
21,5,DODA,XGB,0.95,0.9591836734693877,0.9783333333333334
21,10,LASSO,LR,0.95,0.96,0.99
21,10,LASSO,RF,0.975,0.98,0.9993333333333334
21,10,LASSO,XGB,0.9625,0.9696969696969697,0.998
21,10,DODA,LR,0.9625,0.9696969696969697,0.9913333333333333
21,10,DODA,RF,0.9875,0.98989898989899,0.9993333333333333
21,10,DODA,XGB,0.9625,0.9696969696969697,0.998
21,15,LASSO,LR,1.0,1.0,1.0
21,15,LASSO,RF,0.9875,0.98989898989899,0.9993333333333334
21,15,LASSO,XGB,0.975,0.98,0.9986666666666667
21,15,DODA,LR,0.9625,0.9690721649484536,0.9966666666666667
21,15,DODA,RF,0.9625,0.9696969696969697,0.9986666666666667
21,15,DODA,XGB,0.9625,0.9696969696969697,0.9966666666666667
21,20,LASSO,LR,1.0,1.0,1.0
21,20,LASSO,RF,0.975,0.98,0.9993333333333333
21,20,LASSO,XGB,0.975,0.98,0.998
21,20,DODA,LR,1.0,1.0,1.0
21,20,DODA,RF,0.975,0.98,0.9993333333333333
21,20,DODA,XGB,0.975,0.98,0.9986666666666667
22,5,LASSO,LR,0.95,0.9591836734693877,0.986
22,5,LASSO,RF,0.9875,0.98989898989899,0.9986666666666667
22,5,LASSO,XGB,0.9625,0.9696969696969697,0.9973333333333334
22,5,DODA,LR,0.95,0.9591836734693877,0.986
22,5,DODA,RF,0.9875,0.98989898989899,0.996
22,5,DODA,XGB,0.9625,0.9696969696969697,0.9973333333333333
22,10,LASSO,LR,0.9625,0.9690721649484536,0.9846666666666667
22,10,LASSO,RF,0.9875,0.98989898989899,1.0
22,10,LASSO,XGB,0.9875,0.98989898989899,0.9986666666666667
22,10,DODA,LR,0.975,0.9795918367346939,0.9866666666666667
22,10,DODA,RF,0.975,0.9795918367346939,1.0
22,10,DODA,XGB,0.9875,0.98989898989899,0.9986666666666667
22,15,LASSO,LR,0.975,0.9795918367346939,1.0
22,15,LASSO,RF,1.0,1.0,1.0
22,15,LASSO,XGB,1.0,1.0,1.0
22,15,DODA,LR,0.975,0.9795918367346939,0.9866666666666667
22,15,DODA,RF,0.9875,0.98989898989899,1.0
22,15,DODA,XGB,0.975,0.9795918367346939,0.9993333333333333
22,20,LASSO,LR,0.975,0.9795918367346939,1.0
22,20,LASSO,RF,1.0,1.0,1.0
22,20,LASSO,XGB,1.0,1.0,1.0
22,20,DODA,LR,0.9625,0.9690721649484536,1.0
22,20,DODA,RF,1.0,1.0,1.0
22,20,DODA,XGB,1.0,1.0,1.0
23,5,LASSO,LR,0.95,0.9591836734693877,0.9973333333333333
23,5,LASSO,RF,0.975,0.9795918367346939,0.989
23,5,LASSO,XGB,0.9375,0.9504950495049505,0.976
23,5,DODA,LR,0.95,0.9591836734693877,0.9973333333333333
23,5,DODA,RF,0.975,0.9795918367346939,0.99
23,5,DODA,XGB,0.925,0.94,0.976
23,10,LASSO,LR,0.9875,0.98989898989899,1.0
23,10,LASSO,RF,0.9875,0.98989898989899,0.9986666666666666
23,10,LASSO,XGB,0.975,0.9803921568627451,1.0
23,10,DODA,LR,0.9625,0.9690721649484536,1.0
23,10,DODA,RF,0.975,0.9795918367346939,0.9993333333333334
23,10,DODA,XGB,0.975,0.9803921568627451,0.9986666666666667
23,15,LASSO,LR,0.9875,0.98989898989899,1.0
23,15,LASSO,RF,1.0,1.0,1.0
23,15,LASSO,XGB,1.0,1.0,1.0
23,15,DODA,LR,0.975,0.9795918367346939,1.0
23,15,DODA,RF,1.0,1.0,1.0
23,15,DODA,XGB,0.975,0.9803921568627451,1.0
23,20,LASSO,LR,0.9875,0.98989898989899,1.0
23,20,LASSO,RF,1.0,1.0,1.0
23,20,LASSO,XGB,1.0,1.0,1.0
23,20,DODA,LR,1.0,1.0,1.0
23,20,DODA,RF,1.0,1.0,1.0
23,20,DODA,XGB,1.0,1.0,1.0
24,5,LASSO,LR,0.95,0.9583333333333334,0.9966666666666667
24,5,LASSO,RF,0.9625,0.9696969696969697,0.9986666666666667
24,5,LASSO,XGB,0.9875,0.9900990099009901,0.998
24,5,DODA,LR,0.95,0.9583333333333334,0.9966666666666667
24,5,DODA,RF,0.9625,0.9696969696969697,0.9986666666666667
24,5,DODA,XGB,0.9875,0.9900990099009901,0.998
24,10,LASSO,LR,0.9125,0.9263157894736842,0.9953333333333334
24,10,LASSO,RF,0.9625,0.9696969696969697,0.996
24,10,LASSO,XGB,0.9625,0.9696969696969697,0.9933333333333334
24,10,DODA,LR,0.9625,0.9696969696969697,0.996
24,10,DODA,RF,0.975,0.98,0.997
24,10,DODA,XGB,0.9625,0.9696969696969697,0.9946666666666666
24,15,LASSO,LR,0.9625,0.9696969696969697,0.9986666666666667
24,15,LASSO,RF,0.975,0.98,0.9993333333333334
24,15,LASSO,XGB,0.975,0.98,0.998
24,15,DODA,LR,0.9625,0.9696969696969697,0.9966666666666667
24,15,DODA,RF,0.975,0.98,0.9986666666666667
24,15,DODA,XGB,0.975,0.98,0.9953333333333333
24,20,LASSO,LR,0.9875,0.9900990099009901,1.0
24,20,LASSO,RF,0.9875,0.9900990099009901,0.9993333333333334
24,20,LASSO,XGB,0.975,0.98,0.9986666666666667
24,20,DODA,LR,1.0,1.0,1.0
24,20,DODA,RF,0.9875,0.9900990099009901,0.9993333333333333
24,20,DODA,XGB,0.975,0.98,0.998
25,5,LASSO,LR,0.975,0.98,0.992
25,5,LASSO,RF,0.9875,0.98989898989899,0.988
25,5,LASSO,XGB,0.9625,0.9696969696969697,0.9913333333333333
25,5,DODA,LR,0.975,0.98,0.992
25,5,DODA,RF,0.9875,0.98989898989899,0.9829999999999999
25,5,DODA,XGB,0.9625,0.9696969696969697,0.9886666666666667
25,10,LASSO,LR,0.975,0.9803921568627451,0.9993333333333333
25,10,LASSO,RF,0.9875,0.9900990099009901,1.0
25,10,LASSO,XGB,1.0,1.0,1.0
25,10,DODA,LR,0.9875,0.9900990099009901,0.9993333333333333
25,10,DODA,RF,0.9875,0.9900990099009901,1.0
25,10,DODA,XGB,0.9875,0.98989898989899,0.9993333333333333
25,15,LASSO,LR,0.9875,0.9900990099009901,1.0
25,15,LASSO,RF,1.0,1.0,1.0
25,15,LASSO,XGB,0.9875,0.98989898989899,1.0
25,15,DODA,LR,0.975,0.98,0.9993333333333333
25,15,DODA,RF,1.0,1.0,1.0
25,15,DODA,XGB,0.9875,0.98989898989899,0.9993333333333333
25,20,LASSO,LR,0.975,0.9795918367346939,0.9993333333333333
25,20,LASSO,RF,1.0,1.0,1.0
25,20,LASSO,XGB,1.0,1.0,1.0
25,20,DODA,LR,1.0,1.0,1.0
25,20,DODA,RF,1.0,1.0,1.0
25,20,DODA,XGB,0.9875,0.98989898989899,1.0
