Method,Top_K,Feature,Selection_Count,Selection_Frequency
Boruta,5,Age,2,0.08
Boruta,5,Bp,24,0.96
Boruta,5,Sg,0,0.0
Boruta,5,Al,0,0.0
Boruta,5,Su,0,0.0
Boruta,5,Rbc,0,0.0
Boruta,5,Pc,0,0.0
Boruta,5,Pcc,0,0.0
Boruta,5,Ba,0,0.0
Boruta,5,Bgr,11,0.44
Boruta,5,Bu,21,0.84
Boruta,5,Sc,19,0.76
Boruta,5,Sod,0,0.0
Boruta,5,Pot,18,0.72
Boruta,5,Hemo,17,0.68
Boruta,5,Pcv,0,0.0
Boruta,5,Wbcc,13,0.52
Boruta,5,Rbcc,0,0.0
Boruta,5,Htn,0,0.0
Boruta,5,Dm,0,0.0
Boruta,5,Cad,0,0.0
Boruta,5,Appet,0,0.0
Boruta,5,Pe,0,0.0
Boruta,5,Ane,0,0.0
Boruta,10,Age,25,1.0
Boruta,10,Bp,25,1.0
Boruta,10,Sg,0,0.0
Boruta,10,Al,0,0.0
Boruta,10,Su,0,0.0
Boruta,10,Rbc,0,0.0
Boruta,10,Pc,0,0.0
Boruta,10,Pcc,0,0.0
Boruta,10,Ba,0,0.0
Boruta,10,Bgr,25,1.0
Boruta,10,Bu,25,1.0
Boruta,10,Sc,25,1.0
Boruta,10,Sod,1,0.04
Boruta,10,Pot,25,1.0
Boruta,10,Hemo,25,1.0
Boruta,10,Pcv,25,1.0
Boruta,10,Wbcc,25,1.0
Boruta,10,Rbcc,24,0.96
Boruta,10,Htn,0,0.0
Boruta,10,Dm,0,0.0
Boruta,10,Cad,0,0.0
Boruta,10,Appet,0,0.0
Boruta,10,Pe,0,0.0
Boruta,10,Ane,0,0.0
Boruta,15,Age,25,1.0
Boruta,15,Bp,25,1.0
Boruta,15,Sg,25,1.0
Boruta,15,Al,25,1.0
Boruta,15,Su,25,1.0
Boruta,15,Rbc,0,0.0
Boruta,15,Pc,0,0.0
Boruta,15,Pcc,2,0.08
Boruta,15,Ba,15,0.6
Boruta,15,Bgr,25,1.0
Boruta,15,Bu,25,1.0
Boruta,15,Sc,25,1.0
Boruta,15,Sod,25,1.0
Boruta,15,Pot,25,1.0
Boruta,15,Hemo,25,1.0
Boruta,15,Pcv,25,1.0
Boruta,15,Wbcc,25,1.0
Boruta,15,Rbcc,25,1.0
Boruta,15,Htn,1,0.04
Boruta,15,Dm,2,0.08
Boruta,15,Cad,0,0.0
Boruta,15,Appet,3,0.12
Boruta,15,Pe,0,0.0
Boruta,15,Ane,2,0.08
Boruta,20,Age,25,1.0
Boruta,20,Bp,25,1.0
Boruta,20,Sg,25,1.0
Boruta,20,Al,25,1.0
Boruta,20,Su,25,1.0
Boruta,20,Rbc,12,0.48
Boruta,20,Pc,15,0.6
Boruta,20,Pcc,14,0.56
Boruta,20,Ba,25,1.0
Boruta,20,Bgr,25,1.0
Boruta,20,Bu,25,1.0
Boruta,20,Sc,25,1.0
Boruta,20,Sod,25,1.0
Boruta,20,Pot,25,1.0
Boruta,20,Hemo,25,1.0
Boruta,20,Pcv,25,1.0
Boruta,20,Wbcc,25,1.0
Boruta,20,Rbcc,25,1.0
Boruta,20,Htn,9,0.36
Boruta,20,Dm,21,0.84
Boruta,20,Cad,12,0.48
Boruta,20,Appet,16,0.64
Boruta,20,Pe,8,0.32
Boruta,20,Ane,18,0.72
DODA,5,Age,0,0.0
DODA,5,Bp,25,1.0
DODA,5,Sg,0,0.0
DODA,5,Al,3,0.12
DODA,5,Su,0,0.0
DODA,5,Rbc,0,0.0
DODA,5,Pc,0,0.0
DODA,5,Pcc,0,0.0
DODA,5,Ba,0,0.0
DODA,5,Bgr,9,0.36
DODA,5,Bu,25,1.0
DODA,5,Sc,25,1.0
DODA,5,Sod,0,0.0
DODA,5,Pot,17,0.68
DODA,5,Hemo,21,0.84
DODA,5,Pcv,0,0.0
DODA,5,Wbcc,0,0.0
DODA,5,Rbcc,0,0.0
DODA,5,Htn,0,0.0
DODA,5,Dm,0,0.0
DODA,5,Cad,0,0.0
DODA,5,Appet,0,0.0
DODA,5,Pe,0,0.0
DODA,5,Ane,0,0.0
DODA,10,Age,20,0.8
DODA,10,Bp,25,1.0
DODA,10,Sg,19,0.76
DODA,10,Al,25,1.0
DODA,10,Su,0,0.0
DODA,10,Rbc,0,0.0
DODA,10,Pc,0,0.0
DODA,10,Pcc,0,0.0
DODA,10,Ba,0,0.0
DODA,10,Bgr,25,1.0
DODA,10,Bu,25,1.0
DODA,10,Sc,25,1.0
DODA,10,Sod,0,0.0
DODA,10,Pot,25,1.0
DODA,10,Hemo,25,1.0
DODA,10,Pcv,25,1.0
DODA,10,Wbcc,11,0.44
DODA,10,Rbcc,0,0.0
DODA,10,Htn,0,0.0
DODA,10,Dm,0,0.0
DODA,10,Cad,0,0.0
DODA,10,Appet,0,0.0
DODA,10,Pe,0,0.0
DODA,10,Ane,0,0.0
DODA,15,Age,25,1.0
DODA,15,Bp,25,1.0
DODA,15,Sg,25,1.0
DODA,15,Al,25,1.0
DODA,15,Su,18,0.72
DODA,15,Rbc,0,0.0
DODA,15,Pc,0,0.0
DODA,15,Pcc,0,0.0
DODA,15,Ba,0,0.0
DODA,15,Bgr,25,1.0
DODA,15,Bu,25,1.0
DODA,15,Sc,25,1.0
DODA,15,Sod,25,1.0
DODA,15,Pot,25,1.0
DODA,15,Hemo,25,1.0
DODA,15,Pcv,25,1.0
DODA,15,Wbcc,25,1.0
DODA,15,Rbcc,25,1.0
DODA,15,Htn,15,0.6
DODA,15,Dm,15,0.6
DODA,15,Cad,0,0.0
DODA,15,Appet,0,0.0
DODA,15,Pe,0,0.0
DODA,15,Ane,2,0.08
DODA,20,Age,25,1.0
DODA,20,Bp,25,1.0
DODA,20,Sg,25,1.0
DODA,20,Al,25,1.0
DODA,20,Su,25,1.0
DODA,20,Rbc,17,0.68
DODA,20,Pc,10,0.4
DODA,20,Pcc,3,0.12
DODA,20,Ba,14,0.56
DODA,20,Bgr,25,1.0
DODA,20,Bu,25,1.0
DODA,20,Sc,25,1.0
DODA,20,Sod,25,1.0
DODA,20,Pot,25,1.0
DODA,20,Hemo,25,1.0
DODA,20,Pcv,25,1.0
DODA,20,Wbcc,25,1.0
DODA,20,Rbcc,25,1.0
DODA,20,Htn,25,1.0
DODA,20,Dm,25,1.0
DODA,20,Cad,6,0.24
DODA,20,Appet,5,0.2
DODA,20,Pe,20,0.8
DODA,20,Ane,25,1.0
