Top_K,Model,Metric,Boruta_Mean,DODA_Mean,Mean_Difference_DODA_minus_Boruta,Paired_SD,Paired_Cohens_d,Wilcoxon_Statistic,P_Value,Holm_Adjusted_P,Significant
5,Logistic Regression,Accuracy,0.5344172691380813,0.5394749525713993,0.0050576834333179495,0.022597919733712984,0.22381190361396772,35.5,0.28564399216894987,1.0,False
5,Logistic Regression,Precision,0.5418830872867572,0.5459533155268798,0.004070228240122589,0.019639978078537727,0.207241995069764,48.0,0.3010541816225988,1.0,False
5,Logistic Regression,Recall,0.6059561250242672,0.6114773830324208,0.005521258008153751,0.03111186874899595,0.17746468567022142,41.5,0.4886736940301465,1.0,False
5,Logistic Regression,F1,0.5716586472551772,0.5762498235781434,0.00459117632296616,0.02403241524408647,0.1910409867812136,53.0,0.43796657516602056,1.0,False
5,Logistic Regression,ROC_AUC,0.541838898679134,0.5472231908227208,0.005384292143586673,0.01665103589153659,0.3233607914041797,56.0,0.19888473153236397,1.0,False
5,Random Forest,Accuracy,0.5177982874429575,0.5328195662205816,0.015021278777623954,0.045765555277212454,0.32822236475962385,83.0,0.15779250146936974,1.0,False
5,Random Forest,Precision,0.5296724300593091,0.5438859466973558,0.014213516638046753,0.043613170690420436,0.3258996402471772,103.0,0.17931823604537578,1.0,False
5,Random Forest,Recall,0.5400737720830907,0.5570413511939429,0.01696757911085227,0.047173558100492674,0.35968410681905,62.5,0.1122812835456752,1.0,False
5,Random Forest,F1,0.5337174082413972,0.5498598068384658,0.016142398597068633,0.04221227584405505,0.3824100519172089,90.0,0.08647626549366563,1.0,False
5,Random Forest,ROC_AUC,0.5204437245195108,0.5384723139536512,0.0180285894341405,0.03553434899136759,0.507356682924463,71.0,0.023999149663337077,1.0,False
5,XGBoost,Accuracy,0.5257355278675075,0.5439645182792391,0.01822899041173154,0.03722329021615339,0.4897200195328489,60.5,0.01837483127872541,0.9554912264937212,False
5,XGBoost,Precision,0.5363645508048406,0.5541313324641964,0.017766781659355833,0.03505451277518803,0.5068329368403419,60.0,0.01012799054939065,0.5671674707658764,False
5,XGBoost,Recall,0.5633508056688021,0.5720054358377014,0.008654630168899247,0.042873961166186865,0.2018621544053839,99.5,0.2410637507722635,1.0,False
5,XGBoost,F1,0.5491408814323306,0.56251541886124,0.013374537428909412,0.03566183316256981,0.37503785539962514,74.0,0.029898791101543674,1.0,False
5,XGBoost,ROC_AUC,0.5345414466780213,0.5529421713396324,0.018400724661611106,0.03332579377801988,0.5521466280496328,66.0,0.016395071849192262,0.8689388080071899,False
10,Logistic Regression,Accuracy,0.5465507870584012,0.5335856022150438,-0.012965184843357411,0.017770066317940723,-0.7296081292768004,24.5,0.0015528602863107439,0.09161875689233388,False
10,Logistic Regression,Precision,0.5533738338017594,0.5412010725783857,-0.012172761223373837,0.0158552279430544,-0.767744321752642,44.0,0.0008081197738647461,0.048487186431884766,True
10,Logistic Regression,Recall,0.6051135701805476,0.5948126577363618,-0.010300912444185588,0.029547820090383103,-0.348618355353335,90.0,0.1421033604896624,1.0,False
10,Logistic Regression,F1,0.5772957731222808,0.566063180868284,-0.011232592253996714,0.018950698917890422,-0.5927270705246959,65.0,0.007370948791503906,0.42014408111572266,False
10,Logistic Regression,ROC_AUC,0.5454143120876673,0.5351540700234365,-0.010260242064230731,0.01580316516638494,-0.6492523463625747,60.0,0.004604637622833252,0.2670689821243286,False
10,Random Forest,Accuracy,0.5244690560426601,0.5250915243808645,0.0006224683382043806,0.02765971254996944,0.02250451218825368,135.0,0.927256076966454,1.0,False
10,Random Forest,Precision,0.5356569268921063,0.5363856626000627,0.0007287357079564471,0.027360193699277432,0.026634888479451543,156.0,0.8739878535270691,1.0,False
10,Random Forest,Recall,0.5506658901184236,0.5522422830518345,0.001576392933410995,0.037939469067903554,0.04155021069455632,126.0,0.9870392538274518,1.0,False
10,Random Forest,F1,0.5425815527795063,0.5432544608229048,0.000672908043398559,0.02690713725188621,0.025008533501697124,162.0,1.0,1.0,False
10,Random Forest,ROC_AUC,0.5399848349184524,0.5343560299404713,-0.005628804977981112,0.030230739612503506,-0.1861947491239356,133.0,0.4418373703956604,1.0,False
10,XGBoost,Accuracy,0.5342080705532481,0.5279382659078091,-0.006269804645439163,0.026677837923274727,-0.23501921945365578,118.5,0.3679002124496371,1.0,False
10,XGBoost,Precision,0.543677689314888,0.5391863251903127,-0.004491364124575248,0.025225982944358093,-0.17804515821968248,141.0,0.5782062411308289,1.0,False
10,XGBoost,Recall,0.5644884488448845,0.5479363230440691,-0.016552125800815373,0.03360990120026653,-0.49247766907104484,45.0,0.014210579385358402,0.7673712868093537,False
10,XGBoost,F1,0.5530156387621479,0.542833600922318,-0.010182037839829768,0.02748786150383436,-0.37041942453069504,97.0,0.0801958441734314,1.0,False
10,XGBoost,ROC_AUC,0.5449360273352988,0.5429549391036739,-0.00198108823162485,0.023214289338548213,-0.08533917203897246,161.0,0.978915274143219,1.0,False
15,Logistic Regression,Accuracy,0.5271312105829872,0.5273065682202738,0.00017535763728657506,0.020321021601869507,0.008629371137051613,136.0,0.9514610259161361,1.0,False
15,Logistic Regression,Precision,0.5366871765268568,0.5359160054001391,-0.0007711711267176624,0.018332504898371557,-0.04206578048077675,149.0,0.9772063994750985,1.0,False
15,Logistic Regression,Recall,0.5779304989322462,0.5857425742574257,0.007812075325179579,0.03627419420644375,0.21536178807224454,50.0,0.3514954664310376,1.0,False
15,Logistic Regression,F1,0.556015141468425,0.5591570568999308,0.003141915431505735,0.02353296758919024,0.13351122928282788,128.0,0.5296296702875958,1.0,False
15,Logistic Regression,ROC_AUC,0.5296948837545974,0.5315101469971133,0.0018152632425158788,0.013744103696595721,0.13207578191988625,128.0,0.5296296702875958,1.0,False
15,Random Forest,Accuracy,0.5313777367584475,0.522453981438753,-0.008923755319694407,0.02867271937362843,-0.31122807723295265,89.5,0.14006423865495252,1.0,False
15,Random Forest,Precision,0.5408445365651301,0.5337314910079161,-0.007113045557214148,0.028091060337016863,-0.2532138506655431,114.0,0.2002161741256714,1.0,False
15,Random Forest,Recall,0.5743894389438945,0.5569869928169288,-0.017402446126965627,0.036634867915383194,-0.47502412639130165,72.0,0.0443876739596461,1.0,False
15,Random Forest,F1,0.5565166011108168,0.5443153602354761,-0.01220124087534061,0.027943730777723108,-0.4366360731283421,92.0,0.05875152349472046,1.0,False
15,Random Forest,ROC_AUC,0.540738716533873,0.5404786523035263,-0.00026006423034662606,0.026611964923753645,-0.009772455025088908,155.0,0.8531995415687561,1.0,False
15,XGBoost,Accuracy,0.5356375942162744,0.5269086807157872,-0.008728913500487103,0.03138760120971224,-0.2781006882993697,109.5,0.2469968676382419,1.0,False
15,XGBoost,Precision,0.5457548452893098,0.5367179411733264,-0.009036904115983489,0.029396644232057866,-0.3074127796576349,116.0,0.21998637914657593,1.0,False
15,XGBoost,Recall,0.5676645311589982,0.5668103280916328,-0.0008542030673655532,0.04172122610528144,-0.020474064333824087,142.0,0.8190386447328318,1.0,False
15,XGBoost,F1,0.5556008387833838,0.5506266148920453,-0.004974223891338543,0.03304860646383872,-0.1505123641682521,136.0,0.49078595638275146,1.0,False
15,XGBoost,ROC_AUC,0.5452897754147762,0.5382100571336698,-0.00707971828110646,0.014003455759611119,-0.5055693682073708,68.0,0.010996241904815084,0.6047933047648296,False
20,Logistic Regression,Accuracy,0.5151751012664719,0.5145700661436702,-0.0006050351228016227,0.01862249581078484,-0.0324894755756223,147.0,0.9316064669151223,1.0,False
20,Logistic Regression,Precision,0.5259917286770561,0.5253168010383948,-0.0006749276386613623,0.016969213726603094,-0.039773654191370106,148.0,0.954431397113681,1.0,False
20,Logistic Regression,Recall,0.5589594253543002,0.5574102116093962,-0.0015492137449038923,0.03489084272840379,-0.0444017290428676,84.0,0.9478839587189071,1.0,False
20,Logistic Regression,F1,0.5415683823375234,0.5403187313403054,-0.0012496509972179947,0.023763612332020612,-0.05258674395786768,141.0,0.7970684943591221,1.0,False
20,Logistic Regression,ROC_AUC,0.5229174151117355,0.5202895681851387,-0.0026278469265968597,0.009541740553402225,-0.27540540553262777,115.0,0.20993918180465698,1.0,False
20,Random Forest,Accuracy,0.5206265702712404,0.5220591703840435,0.0014326001128031618,0.03095807391423413,0.046275492356921806,130.5,0.5772549412035608,1.0,False
20,Random Forest,Precision,0.5314297009707832,0.532995728039598,0.0015660270688147592,0.028360612153944524,0.05521838034786386,126.0,0.4928932964396343,1.0,False
20,Random Forest,Recall,0.5541991846243447,0.5625548437196661,0.008355659095321296,0.04346815352191674,0.19222484550921523,99.5,0.380247683570883,1.0,False
20,Random Forest,F1,0.5420137158541716,0.5466811906557303,0.0046674748015586905,0.03405603446221734,0.1370527976983612,124.0,0.45756817506250735,1.0,False
20,Random Forest,ROC_AUC,0.530132639893765,0.527610308085842,-0.002522331807923075,0.023175403367136454,-0.10883658713357416,131.0,0.5872281657620673,1.0,False
20,XGBoost,Accuracy,0.5293616366712812,0.5279290365584781,-0.001432600112803164,0.01975371276828206,-0.07252308108394928,118.0,0.7823565535665808,1.0,False
20,XGBoost,Precision,0.5400063364019939,0.5384412683681544,-0.001565068033839554,0.01793118973319861,-0.08728188464493891,140.0,0.7750969621959847,1.0,False
20,XGBoost,Recall,0.5601824888371191,0.5632925645505726,0.0031100757134537014,0.02985028923593038,0.10418913159843511,88.0,0.5245312835689242,1.0,False
20,XGBoost,F1,0.5492433437488168,0.5500287400334466,0.0007853962846298957,0.02140586533628653,0.0366907047340206,137.0,0.7103183482536846,1.0,False
20,XGBoost,ROC_AUC,0.5387938926548811,0.5384985041105687,-0.00029538854431228724,0.014962042922315762,-0.01974252753089738,154.0,0.8325093984603882,1.0,False
