Run,Top_K,Same_Feature_Set,Overlap_Count,Jaccard,Features_Changed
1,5,True,5,1.0,0
1,10,False,8,0.6666666666666666,2
1,15,False,13,0.7647058823529411,2
1,20,False,19,0.9047619047619048,1
2,5,False,4,0.6666666666666666,1
2,10,False,8,0.6666666666666666,2
2,15,False,14,0.875,1
2,20,False,19,0.9047619047619048,1
3,5,False,4,0.6666666666666666,1
3,10,False,8,0.6666666666666666,2
3,15,False,14,0.875,1
3,20,False,17,0.7391304347826086,3
4,5,False,4,0.6666666666666666,1
4,10,False,9,0.8181818181818182,1
4,15,False,14,0.875,1
4,20,False,19,0.9047619047619048,1
5,5,False,4,0.6666666666666666,1
5,10,False,8,0.6666666666666666,2
5,15,False,14,0.875,1
5,20,False,17,0.7391304347826086,3
6,5,False,4,0.6666666666666666,1
6,10,False,8,0.6666666666666666,2
6,15,False,14,0.875,1
6,20,False,18,0.8181818181818182,2
7,5,False,4,0.6666666666666666,1
7,10,False,8,0.6666666666666666,2
7,15,False,14,0.875,1
7,20,False,19,0.9047619047619048,1
8,5,False,4,0.6666666666666666,1
8,10,False,8,0.6666666666666666,2
8,15,False,14,0.875,1
8,20,False,18,0.8181818181818182,2
9,5,False,3,0.42857142857142855,2
9,10,False,9,0.8181818181818182,1
9,15,False,14,0.875,1
9,20,False,18,0.8181818181818182,2
10,5,False,4,0.6666666666666666,1
10,10,False,8,0.6666666666666666,2
10,15,False,14,0.875,1
10,20,False,17,0.7391304347826086,3
11,5,False,4,0.6666666666666666,1
11,10,False,9,0.8181818181818182,1
11,15,False,14,0.875,1
11,20,False,19,0.9047619047619048,1
12,5,False,4,0.6666666666666666,1
12,10,False,9,0.8181818181818182,1
12,15,False,13,0.7647058823529411,2
12,20,False,19,0.9047619047619048,1
13,5,False,4,0.6666666666666666,1
13,10,False,8,0.6666666666666666,2
13,15,False,14,0.875,1
13,20,False,17,0.7391304347826086,3
14,5,False,4,0.6666666666666666,1
14,10,False,9,0.8181818181818182,1
14,15,False,14,0.875,1
14,20,False,18,0.8181818181818182,2
15,5,False,4,0.6666666666666666,1
15,10,False,8,0.6666666666666666,2
15,15,False,14,0.875,1
15,20,False,17,0.7391304347826086,3
16,5,False,4,0.6666666666666666,1
16,10,False,8,0.6666666666666666,2
16,15,False,14,0.875,1
16,20,False,19,0.9047619047619048,1
17,5,True,5,1.0,0
17,10,False,8,0.6666666666666666,2
17,15,False,14,0.875,1
17,20,False,18,0.8181818181818182,2
18,5,False,3,0.42857142857142855,2
18,10,False,8,0.6666666666666666,2
18,15,False,13,0.7647058823529411,2
18,20,False,18,0.8181818181818182,2
19,5,False,4,0.6666666666666666,1
19,10,False,8,0.6666666666666666,2
19,15,False,14,0.875,1
19,20,False,18,0.8181818181818182,2
20,5,True,5,1.0,0
20,10,False,8,0.6666666666666666,2
20,15,False,14,0.875,1
20,20,False,19,0.9047619047619048,1
21,5,True,5,1.0,0
21,10,False,8,0.6666666666666666,2
21,15,False,14,0.875,1
21,20,False,18,0.8181818181818182,2
22,5,True,5,1.0,0
22,10,False,8,0.6666666666666666,2
22,15,False,14,0.875,1
22,20,False,19,0.9047619047619048,1
23,5,True,5,1.0,0
23,10,False,8,0.6666666666666666,2
23,15,False,14,0.875,1
23,20,False,19,0.9047619047619048,1
24,5,False,4,0.6666666666666666,1
24,10,False,9,0.8181818181818182,1
24,15,False,14,0.875,1
24,20,False,18,0.8181818181818182,2
25,5,True,5,1.0,0
25,10,False,8,0.6666666666666666,2
25,15,True,15,1.0,0
25,20,False,18,0.8181818181818182,2
