Method,Top-K,Model,Metric,Mean,SD,Mean ± SD
ANOVA,5,Logistic Regression,Accuracy,0.8381967213114754,0.027606717460347808,0.8382 ± 0.0276
ANOVA,5,Logistic Regression,Precision,0.85209606735094,0.027093467369172362,0.8521 ± 0.0271
ANOVA,5,Logistic Regression,Recall,0.7841269841269842,0.06690951610892855,0.7841 ± 0.0669
ANOVA,5,Logistic Regression,F1,0.8152933321284277,0.03664353905639514,0.8153 ± 0.0366
ANOVA,5,Logistic Regression,ROC-AUC,0.8940877024210356,0.029365009331255784,0.8941 ± 0.0294
ANOVA,5,Random Forest,Accuracy,0.7720218579234972,0.04277400723226348,0.7720 ± 0.0428
ANOVA,5,Random Forest,Precision,0.7617771883289125,0.045601013905786074,0.7618 ± 0.0456
ANOVA,5,Random Forest,Recall,0.7338624338624339,0.07793239499630623,0.7339 ± 0.0779
ANOVA,5,Random Forest,F1,0.7459274670725549,0.05159599849393598,0.7459 ± 0.0516
ANOVA,5,Random Forest,ROC-AUC,0.8670510912698413,0.03981972022520712,0.8671 ± 0.0398
ANOVA,5,XGBoost,Accuracy,0.7884699453551913,0.047668944053535264,0.7885 ± 0.0477
ANOVA,5,XGBoost,Precision,0.7861318681318681,0.05852586727629054,0.7861 ± 0.0585
ANOVA,5,XGBoost,Recall,0.7404761904761905,0.05671966309319808,0.7405 ± 0.0567
ANOVA,5,XGBoost,F1,0.7623290406309274,0.05479011358890842,0.7623 ± 0.0548
ANOVA,5,XGBoost,ROC-AUC,0.8633858425525093,0.0416434541641092,0.8634 ± 0.0416
ANOVA,8,Logistic Regression,Accuracy,0.8381967213114754,0.03224761427940444,0.8382 ± 0.0322
ANOVA,8,Logistic Regression,Precision,0.8534944438450751,0.04164878892971894,0.8535 ± 0.0416
ANOVA,8,Logistic Regression,Recall,0.7838624338624338,0.08483983035225218,0.7839 ± 0.0848
ANOVA,8,Logistic Regression,F1,0.8146489307007752,0.04333517213943955,0.8146 ± 0.0433
ANOVA,8,Logistic Regression,ROC-AUC,0.9106809664101331,0.024652042553903925,0.9107 ± 0.0247
ANOVA,8,Random Forest,Accuracy,0.8216939890710382,0.022495483138248444,0.8217 ± 0.0225
ANOVA,8,Random Forest,Precision,0.8203805453805455,0.03752585274522038,0.8204 ± 0.0375
ANOVA,8,Random Forest,Recall,0.7838624338624338,0.038183777914601175,0.7839 ± 0.0382
ANOVA,8,Random Forest,F1,0.8010532863363051,0.027488832649975682,0.8011 ± 0.0275
ANOVA,8,Random Forest,ROC-AUC,0.900094822230239,0.02187670563218853,0.9001 ± 0.0219
ANOVA,8,XGBoost,Accuracy,0.8118032786885246,0.025565362215892375,0.8118 ± 0.0256
ANOVA,8,XGBoost,Precision,0.8089980262394055,0.0463330763253743,0.8090 ± 0.0463
ANOVA,8,XGBoost,Recall,0.776984126984127,0.05855023920927945,0.7770 ± 0.0586
ANOVA,8,XGBoost,F1,0.7906177565124933,0.030875513828768766,0.7906 ± 0.0309
ANOVA,8,XGBoost,ROC-AUC,0.8881470959595961,0.030737864246900174,0.8881 ± 0.0307
ANOVA,10,Logistic Regression,Accuracy,0.8381967213114754,0.02776983373521104,0.8382 ± 0.0278
ANOVA,10,Logistic Regression,Precision,0.8449476650563608,0.05209456828423043,0.8449 ± 0.0521
ANOVA,10,Logistic Regression,Recall,0.7984126984126985,0.08264073484475758,0.7984 ± 0.0826
ANOVA,10,Logistic Regression,F1,0.8177302436125965,0.03704210573018542,0.8177 ± 0.0370
ANOVA,10,Logistic Regression,ROC-AUC,0.9098532447490781,0.022106079871033232,0.9099 ± 0.0221
ANOVA,10,Random Forest,Accuracy,0.828360655737705,0.019149477782125994,0.8284 ± 0.0191
ANOVA,10,Random Forest,Precision,0.829698642742121,0.05000113578491206,0.8297 ± 0.0500
ANOVA,10,Random Forest,Recall,0.7912698412698413,0.030558132235203924,0.7913 ± 0.0306
ANOVA,10,Random Forest,F1,0.8088328664799252,0.019847733335098604,0.8088 ± 0.0198
ANOVA,10,Random Forest,ROC-AUC,0.9100242253888087,0.021393835747746084,0.9100 ± 0.0214
ANOVA,10,XGBoost,Accuracy,0.8053005464480874,0.013295094320123449,0.8053 ± 0.0133
ANOVA,10,XGBoost,Precision,0.8177188158057722,0.0157273445660978,0.8177 ± 0.0157
ANOVA,10,XGBoost,Recall,0.7407407407407407,0.032656155808541,0.7407 ± 0.0327
ANOVA,10,XGBoost,F1,0.7769895178197065,0.019709942158714727,0.7770 ± 0.0197
ANOVA,10,XGBoost,ROC-AUC,0.8930881232964566,0.019885077883229404,0.8931 ± 0.0199
ANOVA,13,Logistic Regression,Accuracy,0.831584699453552,0.05540879866674195,0.8316 ± 0.0554
ANOVA,13,Logistic Regression,Precision,0.8304375589982786,0.07190643976888551,0.8304 ± 0.0719
ANOVA,13,Logistic Regression,Recall,0.7984126984126985,0.07452503506607634,0.7984 ± 0.0745
ANOVA,13,Logistic Regression,F1,0.8126165681583638,0.06125628201080847,0.8126 ± 0.0613
ANOVA,13,Logistic Regression,ROC-AUC,0.9116306918390251,0.01989406338099111,0.9116 ± 0.0199
ANOVA,13,Random Forest,Accuracy,0.8217486338797814,0.03779025347607682,0.8217 ± 0.0378
ANOVA,13,Random Forest,Precision,0.8318964449399232,0.06424898200072635,0.8319 ± 0.0642
ANOVA,13,Random Forest,Recall,0.7695767195767196,0.03371589074720836,0.7696 ± 0.0337
ANOVA,13,Random Forest,F1,0.7987469216769993,0.040642534921622384,0.7987 ± 0.0406
ANOVA,13,Random Forest,ROC-AUC,0.9103629298941799,0.025947484592908035,0.9104 ± 0.0259
ANOVA,13,XGBoost,Accuracy,0.8284153005464482,0.014118044462036976,0.8284 ± 0.0141
ANOVA,13,XGBoost,Precision,0.8366679986679987,0.05118248751788206,0.8367 ± 0.0512
ANOVA,13,XGBoost,Recall,0.7841269841269841,0.04388465492364841,0.7841 ± 0.0439
ANOVA,13,XGBoost,F1,0.8074078284423113,0.011302840612318581,0.8074 ± 0.0113
ANOVA,13,XGBoost,ROC-AUC,0.8918052048260382,0.019215579877817357,0.8918 ± 0.0192
DODA,5,Logistic Regression,Accuracy,0.8315300546448088,0.03664951998645878,0.8315 ± 0.0366
DODA,5,Logistic Regression,Precision,0.8444037596586321,0.04340313833380927,0.8444 ± 0.0434
DODA,5,Logistic Regression,Recall,0.7767195767195767,0.06977685621882955,0.7767 ± 0.0698
DODA,5,Logistic Regression,F1,0.8077461623171068,0.04537070290583801,0.8077 ± 0.0454
DODA,5,Logistic Regression,ROC-AUC,0.8954345037678371,0.0289612345063493,0.8954 ± 0.0290
DODA,5,Random Forest,Accuracy,0.7885792349726776,0.031244695569396762,0.7886 ± 0.0312
DODA,5,Random Forest,Precision,0.7889771959898187,0.04797323683493447,0.7890 ± 0.0480
DODA,5,Random Forest,Recall,0.741005291005291,0.07732383819056655,0.7410 ± 0.0773
DODA,5,Random Forest,F1,0.7616265009684751,0.04110776273356351,0.7616 ± 0.0411
DODA,5,Random Forest,ROC-AUC,0.8706598474827641,0.03671278324986463,0.8707 ± 0.0367
DODA,5,XGBoost,Accuracy,0.7918579234972678,0.03584466205926166,0.7919 ± 0.0358
DODA,5,XGBoost,Precision,0.7949020544672718,0.058013451540431304,0.7949 ± 0.0580
DODA,5,XGBoost,Recall,0.741005291005291,0.04639445376632885,0.7410 ± 0.0464
DODA,5,XGBoost,F1,0.7656945492128622,0.03765763839189422,0.7657 ± 0.0377
DODA,5,XGBoost,ROC-AUC,0.8723404681738016,0.028933818761042826,0.8723 ± 0.0289
DODA,8,Logistic Regression,Accuracy,0.8348633879781421,0.03760013554759834,0.8349 ± 0.0376
DODA,8,Logistic Regression,Precision,0.851172990427863,0.04628781364073949,0.8512 ± 0.0463
DODA,8,Logistic Regression,Recall,0.7767195767195767,0.06977685621882954,0.7767 ± 0.0698
DODA,8,Logistic Regression,F1,0.8108209352032005,0.04647696285556993,0.8108 ± 0.0465
DODA,8,Logistic Regression,ROC-AUC,0.9003710217251883,0.025883082160157618,0.9004 ± 0.0259
DODA,8,Random Forest,Accuracy,0.831584699453552,0.030334391067494543,0.8316 ± 0.0303
DODA,8,Random Forest,Precision,0.8499487629922413,0.039470620993236775,0.8499 ± 0.0395
DODA,8,Random Forest,Recall,0.769047619047619,0.06443985048916365,0.7690 ± 0.0644
DODA,8,Random Forest,F1,0.8061901124085997,0.042636731489210766,0.8062 ± 0.0426
DODA,8,Random Forest,ROC-AUC,0.9039609888568222,0.02042405220392891,0.9040 ± 0.0204
DODA,8,XGBoost,Accuracy,0.7851912568306011,0.043896654780004776,0.7852 ± 0.0439
DODA,8,XGBoost,Precision,0.7753604488078542,0.03291235709052131,0.7754 ± 0.0329
DODA,8,XGBoost,Recall,0.7476190476190476,0.10323563518418474,0.7476 ± 0.1032
DODA,8,XGBoost,F1,0.7588105110622789,0.061172502915897195,0.7588 ± 0.0612
DODA,8,XGBoost,ROC-AUC,0.8809082892416225,0.019972535825195016,0.8809 ± 0.0200
DODA,10,Logistic Regression,Accuracy,0.8415300546448087,0.019340132620844986,0.8415 ± 0.0193
DODA,10,Logistic Regression,Precision,0.8508779264214047,0.04417751154442827,0.8509 ± 0.0442
DODA,10,Logistic Regression,Recall,0.7984126984126985,0.07452503506607629,0.7984 ± 0.0745
DODA,10,Logistic Regression,F1,0.8210312062254349,0.027938009922616976,0.8210 ± 0.0279
DODA,10,Logistic Regression,ROC-AUC,0.9099431818181818,0.023218183792895503,0.9099 ± 0.0232
DODA,10,Random Forest,Accuracy,0.8316939890710383,0.021322856705926277,0.8317 ± 0.0213
DODA,10,Random Forest,Precision,0.8362211751267223,0.04678230319171222,0.8362 ± 0.0468
DODA,10,Random Forest,Recall,0.7910052910052909,0.04882547308278239,0.7910 ± 0.0488
DODA,10,Random Forest,F1,0.8114182515111308,0.02541617880332729,0.8114 ± 0.0254
DODA,10,Random Forest,ROC-AUC,0.9085102012185345,0.02707799549951706,0.9085 ± 0.0271
DODA,10,XGBoost,Accuracy,0.8184153005464481,0.03533030940056812,0.8184 ± 0.0353
DODA,10,XGBoost,Precision,0.8186206896551724,0.03577522734053565,0.8186 ± 0.0358
DODA,10,XGBoost,Recall,0.7764550264550264,0.07973349235545249,0.7765 ± 0.0797
DODA,10,XGBoost,F1,0.795318767483392,0.047212766827993954,0.7953 ± 0.0472
DODA,10,XGBoost,ROC-AUC,0.8901951058201059,0.021080308513400328,0.8902 ± 0.0211
DODA,13,Logistic Regression,Accuracy,0.831584699453552,0.05540879866674195,0.8316 ± 0.0554
DODA,13,Logistic Regression,Precision,0.8304375589982786,0.07190643976888551,0.8304 ± 0.0719
DODA,13,Logistic Regression,Recall,0.7984126984126985,0.07452503506607634,0.7984 ± 0.0745
DODA,13,Logistic Regression,F1,0.8126165681583638,0.06125628201080847,0.8126 ± 0.0613
DODA,13,Logistic Regression,ROC-AUC,0.9116306918390251,0.01989406338099111,0.9116 ± 0.0199
DODA,13,Random Forest,Accuracy,0.8415846994535519,0.029761611700480542,0.8416 ± 0.0298
DODA,13,Random Forest,Precision,0.849815044858523,0.051321619177633136,0.8498 ± 0.0513
DODA,13,Random Forest,Recall,0.7984126984126985,0.041562606262781465,0.7984 ± 0.0416
DODA,13,Random Forest,F1,0.8222183698654287,0.03200408771825413,0.8222 ± 0.0320
DODA,13,Random Forest,ROC-AUC,0.9063882876382877,0.027512463949844336,0.9064 ± 0.0275
DODA,13,XGBoost,Accuracy,0.825136612021858,0.02142675838983352,0.8251 ± 0.0214
DODA,13,XGBoost,Precision,0.8425798605321747,0.06186025857763532,0.8426 ± 0.0619
DODA,13,XGBoost,Recall,0.7695767195767196,0.0421250090910199,0.7696 ± 0.0421
DODA,13,XGBoost,F1,0.8018581293157565,0.014451370910460377,0.8019 ± 0.0145
DODA,13,XGBoost,ROC-AUC,0.8964080286996954,0.01978157275003346,0.8964 ± 0.0198
